api,version,method_id,resource,http,path,class,scopes,readonly_scopes,description
admin,datatransfer_v1,datatransfer.applications.get,applications,GET,admin/datatransfer/v1/applications/{applicationId},READ_SAFE,https://www.googleapis.com/auth/admin.datatransfer https://www.googleapis.com/auth/admin.datatransfer.readonly,https://www.googleapis.com/auth/admin.datatransfer.readonly,Retrieves information about an application for the given application ID.
admin,datatransfer_v1,datatransfer.applications.list,applications,GET,admin/datatransfer/v1/applications,READ_SAFE,https://www.googleapis.com/auth/admin.datatransfer https://www.googleapis.com/auth/admin.datatransfer.readonly,https://www.googleapis.com/auth/admin.datatransfer.readonly,Lists the applications available for data transfer for a customer.
admin,datatransfer_v1,datatransfer.transfers.get,transfers,GET,admin/datatransfer/v1/transfers/{dataTransferId},READ_SAFE,https://www.googleapis.com/auth/admin.datatransfer https://www.googleapis.com/auth/admin.datatransfer.readonly,https://www.googleapis.com/auth/admin.datatransfer.readonly,Retrieves a data transfer request by its resource ID.
admin,datatransfer_v1,datatransfer.transfers.insert,transfers,POST,admin/datatransfer/v1/transfers,MUTATING,https://www.googleapis.com/auth/admin.datatransfer,,Inserts a data transfer request. See the [Transfer parameters](https://developers.google.com/workspace/admin/data-transfer/v1/parameters) reference for specific application requirements.
admin,datatransfer_v1,datatransfer.transfers.list,transfers,GET,admin/datatransfer/v1/transfers,READ_SAFE,https://www.googleapis.com/auth/admin.datatransfer https://www.googleapis.com/auth/admin.datatransfer.readonly,https://www.googleapis.com/auth/admin.datatransfer.readonly,"Lists the transfers for a customer by source user, destination user, or status."
admin,directory_v1,admin.channels.stop,channels,POST,admin/directory_v1/channels/stop,MUTATING,https://www.googleapis.com/auth/admin.directory.user https://www.googleapis.com/auth/admin.directory.user.alias https://www.googleapis.com/auth/admin.directory.user.alias.readonly https://www.googleapis.com/auth/admin.directory.user.readonly https://www.googleapis.com/auth/cloud-platform,https://www.googleapis.com/auth/admin.directory.user.alias.readonly https://www.googleapis.com/auth/admin.directory.user.readonly,Stops watching resources through this channel.
admin,directory_v1,admin.customer.devices.chromeos.batchChangeStatus,customer.devices.chromeos,POST,admin/directory/v1/customer/{customerId}/devices/chromeos:batchChangeStatus,MUTATING,https://www.googleapis.com/auth/admin.directory.device.chromeos,,"Changes the status of a batch of ChromeOS devices. For more information about changing a ChromeOS device state [Repair, repurpose, or retire ChromeOS devices](https://support.google.com/chrome/a/answer/3523633)."
admin,directory_v1,admin.customer.devices.chromeos.commands.get,customer.devices.chromeos.commands,GET,admin/directory/v1/customer/{customerId}/devices/chromeos/{deviceId}/commands/{commandId},READ_SAFE,https://www.googleapis.com/auth/admin.directory.device.chromeos https://www.googleapis.com/auth/admin.directory.device.chromeos.readonly,https://www.googleapis.com/auth/admin.directory.device.chromeos.readonly,Gets command data a specific command issued to the device.
admin,directory_v1,admin.customer.devices.chromeos.countChromeOsDevices,customer.devices.chromeos,GET,admin/directory/v1/customer/{customerId}/devices/chromeos:countChromeOsDevices,READ_SAFE,https://www.googleapis.com/auth/admin.directory.device.chromeos https://www.googleapis.com/auth/admin.directory.device.chromeos.readonly,https://www.googleapis.com/auth/admin.directory.device.chromeos.readonly,Counts ChromeOS devices matching the request.
admin,directory_v1,admin.customer.devices.chromeos.issueCommand,customer.devices.chromeos,POST,admin/directory/v1/customer/{customerId}/devices/chromeos/{deviceId}:issueCommand,MUTATING,https://www.googleapis.com/auth/admin.directory.device.chromeos,,Issues a command for the device to execute.
admin,directory_v1,admin.customers.chrome.printServers.batchCreatePrintServers,customers.chrome.printServers,POST,admin/directory/v1/{+parent}/chrome/printServers:batchCreatePrintServers,MUTATING,https://www.googleapis.com/auth/admin.chrome.printers,,Creates multiple print servers.
admin,directory_v1,admin.customers.chrome.printServers.batchDeletePrintServers,customers.chrome.printServers,POST,admin/directory/v1/{+parent}/chrome/printServers:batchDeletePrintServers,MUTATING,https://www.googleapis.com/auth/admin.chrome.printers,,Deletes multiple print servers.
admin,directory_v1,admin.customers.chrome.printServers.create,customers.chrome.printServers,POST,admin/directory/v1/{+parent}/chrome/printServers,MUTATING,https://www.googleapis.com/auth/admin.chrome.printers,,Creates a print server.
admin,directory_v1,admin.customers.chrome.printServers.delete,customers.chrome.printServers,DELETE,admin/directory/v1/{+name},MUTATING,https://www.googleapis.com/auth/admin.chrome.printers,,Deletes a print server.
admin,directory_v1,admin.customers.chrome.printServers.get,customers.chrome.printServers,GET,admin/directory/v1/{+name},READ_SAFE,https://www.googleapis.com/auth/admin.chrome.printers https://www.googleapis.com/auth/admin.chrome.printers.readonly,https://www.googleapis.com/auth/admin.chrome.printers.readonly,Returns a print server's configuration.
admin,directory_v1,admin.customers.chrome.printServers.list,customers.chrome.printServers,GET,admin/directory/v1/{+parent}/chrome/printServers,READ_SAFE,https://www.googleapis.com/auth/admin.chrome.printers https://www.googleapis.com/auth/admin.chrome.printers.readonly,https://www.googleapis.com/auth/admin.chrome.printers.readonly,Lists print server configurations.
admin,directory_v1,admin.customers.chrome.printServers.patch,customers.chrome.printServers,PATCH,admin/directory/v1/{+name},MUTATING,https://www.googleapis.com/auth/admin.chrome.printers,,Updates a print server's configuration.
admin,directory_v1,admin.customers.chrome.printers.batchCreatePrinters,customers.chrome.printers,POST,admin/directory/v1/{+parent}/chrome/printers:batchCreatePrinters,MUTATING,https://www.googleapis.com/auth/admin.chrome.printers,,Creates printers under given Organization Unit.
admin,directory_v1,admin.customers.chrome.printers.batchDeletePrinters,customers.chrome.printers,POST,admin/directory/v1/{+parent}/chrome/printers:batchDeletePrinters,MUTATING,https://www.googleapis.com/auth/admin.chrome.printers,,Deletes printers in batch.
admin,directory_v1,admin.customers.chrome.printers.create,customers.chrome.printers,POST,admin/directory/v1/{+parent}/chrome/printers,MUTATING,https://www.googleapis.com/auth/admin.chrome.printers,,Creates a printer under given Organization Unit.
admin,directory_v1,admin.customers.chrome.printers.delete,customers.chrome.printers,DELETE,admin/directory/v1/{+name},MUTATING,https://www.googleapis.com/auth/admin.chrome.printers,,Deletes a `Printer`.
admin,directory_v1,admin.customers.chrome.printers.get,customers.chrome.printers,GET,admin/directory/v1/{+name},READ_SAFE,https://www.googleapis.com/auth/admin.chrome.printers https://www.googleapis.com/auth/admin.chrome.printers.readonly,https://www.googleapis.com/auth/admin.chrome.printers.readonly,Returns a `Printer` resource (printer's config).
admin,directory_v1,admin.customers.chrome.printers.list,customers.chrome.printers,GET,admin/directory/v1/{+parent}/chrome/printers,READ_SAFE,https://www.googleapis.com/auth/admin.chrome.printers https://www.googleapis.com/auth/admin.chrome.printers.readonly,https://www.googleapis.com/auth/admin.chrome.printers.readonly,List printers configs.
admin,directory_v1,admin.customers.chrome.printers.listPrinterModels,customers.chrome.printers,GET,admin/directory/v1/{+parent}/chrome/printers:listPrinterModels,READ_SAFE,https://www.googleapis.com/auth/admin.chrome.printers https://www.googleapis.com/auth/admin.chrome.printers.readonly,https://www.googleapis.com/auth/admin.chrome.printers.readonly,Lists the supported printer models.
admin,directory_v1,admin.customers.chrome.printers.patch,customers.chrome.printers,PATCH,admin/directory/v1/{+name},MUTATING,https://www.googleapis.com/auth/admin.chrome.printers,,Updates a `Printer` resource.
admin,directory_v1,directory.asps.delete,asps,DELETE,admin/directory/v1/users/{userKey}/asps/{codeId},MUTATING,https://www.googleapis.com/auth/admin.directory.user.security,,Deletes an ASP issued by a user.
admin,directory_v1,directory.asps.get,asps,GET,admin/directory/v1/users/{userKey}/asps/{codeId},READ_NEEDS_RW,https://www.googleapis.com/auth/admin.directory.user.security,,Gets information about an ASP issued by a user.
admin,directory_v1,directory.asps.list,asps,GET,admin/directory/v1/users/{userKey}/asps,READ_NEEDS_RW,https://www.googleapis.com/auth/admin.directory.user.security,,Lists the ASPs issued by a user.
admin,directory_v1,directory.chromeosdevices.action,chromeosdevices,POST,admin/directory/v1/customer/{customerId}/devices/chromeos/{resourceId}/action,MUTATING,https://www.googleapis.com/auth/admin.directory.device.chromeos,,"Use [BatchChangeChromeOsDeviceStatus](https://developers.google.com/workspace/admin/directory/reference/rest/v1/customer.devices.chromeos/batchChangeStatus) instead. Takes an action that affects a Chrome OS Device. This includes deprovisioning, disabling, and re-enabling devices. *Warning:* * Deprov"
admin,directory_v1,directory.chromeosdevices.get,chromeosdevices,GET,admin/directory/v1/customer/{customerId}/devices/chromeos/{deviceId},READ_SAFE,https://www.googleapis.com/auth/admin.directory.device.chromeos https://www.googleapis.com/auth/admin.directory.device.chromeos.readonly,https://www.googleapis.com/auth/admin.directory.device.chromeos.readonly,Retrieves a Chrome OS device's properties.
admin,directory_v1,directory.chromeosdevices.list,chromeosdevices,GET,admin/directory/v1/customer/{customerId}/devices/chromeos,READ_SAFE,https://www.googleapis.com/auth/admin.directory.device.chromeos https://www.googleapis.com/auth/admin.directory.device.chromeos.readonly,https://www.googleapis.com/auth/admin.directory.device.chromeos.readonly,Retrieves a paginated list of Chrome OS devices within an account.
admin,directory_v1,directory.chromeosdevices.moveDevicesToOu,chromeosdevices,POST,admin/directory/v1/customer/{customerId}/devices/chromeos/moveDevicesToOu,MUTATING,https://www.googleapis.com/auth/admin.directory.device.chromeos,,Moves or inserts multiple Chrome OS devices to an organizational unit. You can move up to 50 devices at once.
admin,directory_v1,directory.chromeosdevices.patch,chromeosdevices,PATCH,admin/directory/v1/customer/{customerId}/devices/chromeos/{deviceId},MUTATING,https://www.googleapis.com/auth/admin.directory.device.chromeos,,"Updates a device's updatable properties, such as `annotatedUser`, `annotatedLocation`, `notes`, `orgUnitPath`, or `annotatedAssetId`. This method supports [patch semantics](https://developers.google.com/workspace/admin/directory/v1/guides/performance#patch)."
admin,directory_v1,directory.chromeosdevices.update,chromeosdevices,PUT,admin/directory/v1/customer/{customerId}/devices/chromeos/{deviceId},MUTATING,https://www.googleapis.com/auth/admin.directory.device.chromeos,,"Updates a device's updatable properties, such as `annotatedUser`, `annotatedLocation`, `notes`, `orgUnitPath`, or `annotatedAssetId`."
admin,directory_v1,directory.customers.get,customers,GET,admin/directory/v1/customers/{customerKey},READ_SAFE,https://www.googleapis.com/auth/admin.directory.customer https://www.googleapis.com/auth/admin.directory.customer.readonly,https://www.googleapis.com/auth/admin.directory.customer.readonly,Retrieves a customer.
admin,directory_v1,directory.customers.patch,customers,PATCH,admin/directory/v1/customers/{customerKey},MUTATING,https://www.googleapis.com/auth/admin.directory.customer,,Patches a customer.
admin,directory_v1,directory.customers.update,customers,PUT,admin/directory/v1/customers/{customerKey},MUTATING,https://www.googleapis.com/auth/admin.directory.customer,,Updates a customer.
admin,directory_v1,directory.domainAliases.delete,domainAliases,DELETE,admin/directory/v1/customer/{customer}/domainaliases/{domainAliasName},MUTATING,https://www.googleapis.com/auth/admin.directory.domain,,Deletes a domain Alias of the customer.
admin,directory_v1,directory.domainAliases.get,domainAliases,GET,admin/directory/v1/customer/{customer}/domainaliases/{domainAliasName},READ_SAFE,https://www.googleapis.com/auth/admin.directory.domain https://www.googleapis.com/auth/admin.directory.domain.readonly,https://www.googleapis.com/auth/admin.directory.domain.readonly,Retrieves a domain alias of the customer.
admin,directory_v1,directory.domainAliases.insert,domainAliases,POST,admin/directory/v1/customer/{customer}/domainaliases,MUTATING,https://www.googleapis.com/auth/admin.directory.domain,,Inserts a domain alias of the customer.
admin,directory_v1,directory.domainAliases.list,domainAliases,GET,admin/directory/v1/customer/{customer}/domainaliases,READ_SAFE,https://www.googleapis.com/auth/admin.directory.domain https://www.googleapis.com/auth/admin.directory.domain.readonly,https://www.googleapis.com/auth/admin.directory.domain.readonly,Lists the domain aliases of the customer.
admin,directory_v1,directory.domains.delete,domains,DELETE,admin/directory/v1/customer/{customer}/domains/{domainName},MUTATING,https://www.googleapis.com/auth/admin.directory.domain,,Deletes a domain of the customer.
admin,directory_v1,directory.domains.get,domains,GET,admin/directory/v1/customer/{customer}/domains/{domainName},READ_SAFE,https://www.googleapis.com/auth/admin.directory.domain https://www.googleapis.com/auth/admin.directory.domain.readonly,https://www.googleapis.com/auth/admin.directory.domain.readonly,Retrieves a domain of the customer.
admin,directory_v1,directory.domains.insert,domains,POST,admin/directory/v1/customer/{customer}/domains,MUTATING,https://www.googleapis.com/auth/admin.directory.domain,,Inserts a domain of the customer.
admin,directory_v1,directory.domains.list,domains,GET,admin/directory/v1/customer/{customer}/domains,READ_SAFE,https://www.googleapis.com/auth/admin.directory.domain https://www.googleapis.com/auth/admin.directory.domain.readonly,https://www.googleapis.com/auth/admin.directory.domain.readonly,Lists the domains of the customer.
admin,directory_v1,directory.groups.aliases.delete,groups.aliases,DELETE,admin/directory/v1/groups/{groupKey}/aliases/{alias},MUTATING,https://www.googleapis.com/auth/admin.directory.group,,Removes an alias.
admin,directory_v1,directory.groups.aliases.insert,groups.aliases,POST,admin/directory/v1/groups/{groupKey}/aliases,MUTATING,https://www.googleapis.com/auth/admin.directory.group,,Adds an alias for the group.
admin,directory_v1,directory.groups.aliases.list,groups.aliases,GET,admin/directory/v1/groups/{groupKey}/aliases,READ_SAFE,https://www.googleapis.com/auth/admin.directory.group https://www.googleapis.com/auth/admin.directory.group.readonly,https://www.googleapis.com/auth/admin.directory.group.readonly,Lists all aliases for a group.
admin,directory_v1,directory.groups.delete,groups,DELETE,admin/directory/v1/groups/{groupKey},MUTATING,https://www.googleapis.com/auth/admin.directory.group,,Deletes a group.
admin,directory_v1,directory.groups.get,groups,GET,admin/directory/v1/groups/{groupKey},READ_SAFE,https://www.googleapis.com/auth/admin.directory.group https://www.googleapis.com/auth/admin.directory.group.readonly,https://www.googleapis.com/auth/admin.directory.group.readonly,Retrieves a group's properties.
admin,directory_v1,directory.groups.insert,groups,POST,admin/directory/v1/groups,MUTATING,https://www.googleapis.com/auth/admin.directory.group,,Creates a group.
admin,directory_v1,directory.groups.list,groups,GET,admin/directory/v1/groups,READ_SAFE,https://www.googleapis.com/auth/admin.directory.group https://www.googleapis.com/auth/admin.directory.group.readonly,https://www.googleapis.com/auth/admin.directory.group.readonly,Retrieves all groups of a domain or of a user given a userKey (paginated).
admin,directory_v1,directory.groups.patch,groups,PATCH,admin/directory/v1/groups/{groupKey},MUTATING,https://www.googleapis.com/auth/admin.directory.group,,Updates a group's properties. This method supports [patch semantics](https://developers.google.com/workspace/admin/directory/v1/guides/performance#patch).
admin,directory_v1,directory.groups.update,groups,PUT,admin/directory/v1/groups/{groupKey},MUTATING,https://www.googleapis.com/auth/admin.directory.group,,Updates a group's properties.
admin,directory_v1,directory.members.delete,members,DELETE,admin/directory/v1/groups/{groupKey}/members/{memberKey},MUTATING,https://www.googleapis.com/auth/admin.directory.group https://www.googleapis.com/auth/admin.directory.group.member,,Removes a member from a group.
admin,directory_v1,directory.members.get,members,GET,admin/directory/v1/groups/{groupKey}/members/{memberKey},READ_SAFE,https://www.googleapis.com/auth/admin.directory.group https://www.googleapis.com/auth/admin.directory.group.member https://www.googleapis.com/auth/admin.directory.group.member.readonly https://www.googleapis.com/auth/admin.directory.group.readonly,https://www.googleapis.com/auth/admin.directory.group.member.readonly https://www.googleapis.com/auth/admin.directory.group.readonly,Retrieves a group member's properties.
admin,directory_v1,directory.members.hasMember,members,GET,admin/directory/v1/groups/{groupKey}/hasMember/{memberKey},READ_SAFE,https://www.googleapis.com/auth/admin.directory.group https://www.googleapis.com/auth/admin.directory.group.member https://www.googleapis.com/auth/admin.directory.group.member.readonly https://www.googleapis.com/auth/admin.directory.group.readonly,https://www.googleapis.com/auth/admin.directory.group.member.readonly https://www.googleapis.com/auth/admin.directory.group.readonly,"Checks whether the given user is a member of the group. Membership can be direct or nested, but if nested, the `memberKey` and `groupKey` must be entities in the same domain or an `Invalid input` error is returned. To check for nested memberships that include entities outside of the group's domain, "
admin,directory_v1,directory.members.insert,members,POST,admin/directory/v1/groups/{groupKey}/members,MUTATING,https://www.googleapis.com/auth/admin.directory.group https://www.googleapis.com/auth/admin.directory.group.member,,Adds a user to the specified group.
admin,directory_v1,directory.members.list,members,GET,admin/directory/v1/groups/{groupKey}/members,READ_SAFE,https://www.googleapis.com/auth/admin.directory.group https://www.googleapis.com/auth/admin.directory.group.member https://www.googleapis.com/auth/admin.directory.group.member.readonly https://www.googleapis.com/auth/admin.directory.group.readonly,https://www.googleapis.com/auth/admin.directory.group.member.readonly https://www.googleapis.com/auth/admin.directory.group.readonly,"Retrieves a paginated list of all members in a group. This method times out after 60 minutes. For more information, see [Troubleshoot error codes](https://developers.google.com/workspace/admin/directory/v1/guides/troubleshoot-error-codes)."
admin,directory_v1,directory.members.patch,members,PATCH,admin/directory/v1/groups/{groupKey}/members/{memberKey},MUTATING,https://www.googleapis.com/auth/admin.directory.group https://www.googleapis.com/auth/admin.directory.group.member,,Updates the membership properties of a user in the specified group. This method supports [patch semantics](https://developers.google.com/workspace/admin/directory/v1/guides/performance#patch).
admin,directory_v1,directory.members.update,members,PUT,admin/directory/v1/groups/{groupKey}/members/{memberKey},MUTATING,https://www.googleapis.com/auth/admin.directory.group https://www.googleapis.com/auth/admin.directory.group.member,,Updates the membership of a user in the specified group.
admin,directory_v1,directory.mobiledevices.action,mobiledevices,POST,admin/directory/v1/customer/{customerId}/devices/mobile/{resourceId}/action,MUTATING,https://www.googleapis.com/auth/admin.directory.device.mobile https://www.googleapis.com/auth/admin.directory.device.mobile.action,,"Takes an action that affects a mobile device. For example, remotely wiping a device."
admin,directory_v1,directory.mobiledevices.delete,mobiledevices,DELETE,admin/directory/v1/customer/{customerId}/devices/mobile/{resourceId},MUTATING,https://www.googleapis.com/auth/admin.directory.device.mobile,,Removes a mobile device.
admin,directory_v1,directory.mobiledevices.get,mobiledevices,GET,admin/directory/v1/customer/{customerId}/devices/mobile/{resourceId},READ_SAFE,https://www.googleapis.com/auth/admin.directory.device.mobile https://www.googleapis.com/auth/admin.directory.device.mobile.action https://www.googleapis.com/auth/admin.directory.device.mobile.readonly,https://www.googleapis.com/auth/admin.directory.device.mobile.readonly,Retrieves a mobile device's properties.
admin,directory_v1,directory.mobiledevices.list,mobiledevices,GET,admin/directory/v1/customer/{customerId}/devices/mobile,READ_SAFE,https://www.googleapis.com/auth/admin.directory.device.mobile https://www.googleapis.com/auth/admin.directory.device.mobile.action https://www.googleapis.com/auth/admin.directory.device.mobile.readonly,https://www.googleapis.com/auth/admin.directory.device.mobile.readonly,"Retrieves a paginated list of all user-owned mobile devices for an account. To retrieve a list that includes company-owned devices, use the Cloud Identity [Devices API](https://cloud.google.com/identity/docs/concepts/overview-devices) instead. This method times out after 60 minutes. For more informa"
admin,directory_v1,directory.orgunits.delete,orgunits,DELETE,admin/directory/v1/customer/{customerId}/orgunits/{+orgUnitPath},MUTATING,https://www.googleapis.com/auth/admin.directory.orgunit,,Removes an organizational unit.
admin,directory_v1,directory.orgunits.get,orgunits,GET,admin/directory/v1/customer/{customerId}/orgunits/{+orgUnitPath},READ_SAFE,https://www.googleapis.com/auth/admin.directory.orgunit https://www.googleapis.com/auth/admin.directory.orgunit.readonly,https://www.googleapis.com/auth/admin.directory.orgunit.readonly,Retrieves an organizational unit.
admin,directory_v1,directory.orgunits.insert,orgunits,POST,admin/directory/v1/customer/{customerId}/orgunits,MUTATING,https://www.googleapis.com/auth/admin.directory.orgunit,,Adds an organizational unit.
admin,directory_v1,directory.orgunits.list,orgunits,GET,admin/directory/v1/customer/{customerId}/orgunits,READ_SAFE,https://www.googleapis.com/auth/admin.directory.orgunit https://www.googleapis.com/auth/admin.directory.orgunit.readonly,https://www.googleapis.com/auth/admin.directory.orgunit.readonly,Retrieves a list of all organizational units for an account.
admin,directory_v1,directory.orgunits.patch,orgunits,PATCH,admin/directory/v1/customer/{customerId}/orgunits/{+orgUnitPath},MUTATING,https://www.googleapis.com/auth/admin.directory.orgunit,,Updates an organizational unit. This method supports [patch semantics](https://developers.google.com/workspace/admin/directory/v1/guides/performance#patch)
admin,directory_v1,directory.orgunits.update,orgunits,PUT,admin/directory/v1/customer/{customerId}/orgunits/{+orgUnitPath},MUTATING,https://www.googleapis.com/auth/admin.directory.orgunit,,Updates an organizational unit.
admin,directory_v1,directory.privileges.list,privileges,GET,admin/directory/v1/customer/{customer}/roles/ALL/privileges,READ_SAFE,https://www.googleapis.com/auth/admin.directory.rolemanagement https://www.googleapis.com/auth/admin.directory.rolemanagement.readonly,https://www.googleapis.com/auth/admin.directory.rolemanagement.readonly,Retrieves a paginated list of all privileges for a customer.
admin,directory_v1,directory.resources.buildings.delete,resources.buildings,DELETE,admin/directory/v1/customer/{customer}/resources/buildings/{buildingId},MUTATING,https://www.googleapis.com/auth/admin.directory.resource.calendar,,Deletes a building.
admin,directory_v1,directory.resources.buildings.get,resources.buildings,GET,admin/directory/v1/customer/{customer}/resources/buildings/{buildingId},READ_SAFE,https://www.googleapis.com/auth/admin.directory.resource.calendar https://www.googleapis.com/auth/admin.directory.resource.calendar.readonly,https://www.googleapis.com/auth/admin.directory.resource.calendar.readonly,Retrieves a building.
admin,directory_v1,directory.resources.buildings.insert,resources.buildings,POST,admin/directory/v1/customer/{customer}/resources/buildings,MUTATING,https://www.googleapis.com/auth/admin.directory.resource.calendar,,Inserts a building.
admin,directory_v1,directory.resources.buildings.list,resources.buildings,GET,admin/directory/v1/customer/{customer}/resources/buildings,READ_SAFE,https://www.googleapis.com/auth/admin.directory.resource.calendar https://www.googleapis.com/auth/admin.directory.resource.calendar.readonly,https://www.googleapis.com/auth/admin.directory.resource.calendar.readonly,Retrieves a list of buildings for an account.
admin,directory_v1,directory.resources.buildings.patch,resources.buildings,PATCH,admin/directory/v1/customer/{customer}/resources/buildings/{buildingId},MUTATING,https://www.googleapis.com/auth/admin.directory.resource.calendar,,Patches a building.
admin,directory_v1,directory.resources.buildings.update,resources.buildings,PUT,admin/directory/v1/customer/{customer}/resources/buildings/{buildingId},MUTATING,https://www.googleapis.com/auth/admin.directory.resource.calendar,,Updates a building.
admin,directory_v1,directory.resources.calendars.delete,resources.calendars,DELETE,admin/directory/v1/customer/{customer}/resources/calendars/{calendarResourceId},MUTATING,https://www.googleapis.com/auth/admin.directory.resource.calendar,,Deletes a calendar resource.
admin,directory_v1,directory.resources.calendars.get,resources.calendars,GET,admin/directory/v1/customer/{customer}/resources/calendars/{calendarResourceId},READ_SAFE,https://www.googleapis.com/auth/admin.directory.resource.calendar https://www.googleapis.com/auth/admin.directory.resource.calendar.readonly,https://www.googleapis.com/auth/admin.directory.resource.calendar.readonly,Retrieves a calendar resource.
admin,directory_v1,directory.resources.calendars.insert,resources.calendars,POST,admin/directory/v1/customer/{customer}/resources/calendars,MUTATING,https://www.googleapis.com/auth/admin.directory.resource.calendar,,Inserts a calendar resource.
admin,directory_v1,directory.resources.calendars.list,resources.calendars,GET,admin/directory/v1/customer/{customer}/resources/calendars,READ_SAFE,https://www.googleapis.com/auth/admin.directory.resource.calendar https://www.googleapis.com/auth/admin.directory.resource.calendar.readonly,https://www.googleapis.com/auth/admin.directory.resource.calendar.readonly,Retrieves a list of calendar resources for an account.
admin,directory_v1,directory.resources.calendars.patch,resources.calendars,PATCH,admin/directory/v1/customer/{customer}/resources/calendars/{calendarResourceId},MUTATING,https://www.googleapis.com/auth/admin.directory.resource.calendar,,Patches a calendar resource.
admin,directory_v1,directory.resources.calendars.update,resources.calendars,PUT,admin/directory/v1/customer/{customer}/resources/calendars/{calendarResourceId},MUTATING,https://www.googleapis.com/auth/admin.directory.resource.calendar,,"Updates a calendar resource. This method supports patch semantics, meaning you only need to include the fields you wish to update. Fields that are not present in the request will be preserved."
admin,directory_v1,directory.resources.features.delete,resources.features,DELETE,admin/directory/v1/customer/{customer}/resources/features/{featureKey},MUTATING,https://www.googleapis.com/auth/admin.directory.resource.calendar,,Deletes a feature.
admin,directory_v1,directory.resources.features.get,resources.features,GET,admin/directory/v1/customer/{customer}/resources/features/{featureKey},READ_SAFE,https://www.googleapis.com/auth/admin.directory.resource.calendar https://www.googleapis.com/auth/admin.directory.resource.calendar.readonly,https://www.googleapis.com/auth/admin.directory.resource.calendar.readonly,Retrieves a feature.
admin,directory_v1,directory.resources.features.insert,resources.features,POST,admin/directory/v1/customer/{customer}/resources/features,MUTATING,https://www.googleapis.com/auth/admin.directory.resource.calendar,,Inserts a feature.
admin,directory_v1,directory.resources.features.list,resources.features,GET,admin/directory/v1/customer/{customer}/resources/features,READ_SAFE,https://www.googleapis.com/auth/admin.directory.resource.calendar https://www.googleapis.com/auth/admin.directory.resource.calendar.readonly,https://www.googleapis.com/auth/admin.directory.resource.calendar.readonly,Retrieves a list of features for an account.
admin,directory_v1,directory.resources.features.patch,resources.features,PATCH,admin/directory/v1/customer/{customer}/resources/features/{featureKey},MUTATING,https://www.googleapis.com/auth/admin.directory.resource.calendar,,Patches a feature.
admin,directory_v1,directory.resources.features.rename,resources.features,POST,admin/directory/v1/customer/{customer}/resources/features/{oldName}/rename,MUTATING,https://www.googleapis.com/auth/admin.directory.resource.calendar,,Renames a feature.
admin,directory_v1,directory.resources.features.update,resources.features,PUT,admin/directory/v1/customer/{customer}/resources/features/{featureKey},MUTATING,https://www.googleapis.com/auth/admin.directory.resource.calendar,,Updates a feature.
admin,directory_v1,directory.roleAssignments.delete,roleAssignments,DELETE,admin/directory/v1/customer/{customer}/roleassignments/{roleAssignmentId},MUTATING,https://www.googleapis.com/auth/admin.directory.rolemanagement,,Deletes a role assignment.
admin,directory_v1,directory.roleAssignments.get,roleAssignments,GET,admin/directory/v1/customer/{customer}/roleassignments/{roleAssignmentId},READ_SAFE,https://www.googleapis.com/auth/admin.directory.rolemanagement https://www.googleapis.com/auth/admin.directory.rolemanagement.readonly,https://www.googleapis.com/auth/admin.directory.rolemanagement.readonly,Retrieves a role assignment.
admin,directory_v1,directory.roleAssignments.insert,roleAssignments,POST,admin/directory/v1/customer/{customer}/roleassignments,MUTATING,https://www.googleapis.com/auth/admin.directory.rolemanagement,,Creates a role assignment.
admin,directory_v1,directory.roleAssignments.list,roleAssignments,GET,admin/directory/v1/customer/{customer}/roleassignments,READ_SAFE,https://www.googleapis.com/auth/admin.directory.rolemanagement https://www.googleapis.com/auth/admin.directory.rolemanagement.readonly,https://www.googleapis.com/auth/admin.directory.rolemanagement.readonly,Retrieves a paginated list of all roleAssignments.
admin,directory_v1,directory.roles.delete,roles,DELETE,admin/directory/v1/customer/{customer}/roles/{roleId},MUTATING,https://www.googleapis.com/auth/admin.directory.rolemanagement,,Deletes a role.
admin,directory_v1,directory.roles.get,roles,GET,admin/directory/v1/customer/{customer}/roles/{roleId},READ_SAFE,https://www.googleapis.com/auth/admin.directory.rolemanagement https://www.googleapis.com/auth/admin.directory.rolemanagement.readonly,https://www.googleapis.com/auth/admin.directory.rolemanagement.readonly,Retrieves a role.
admin,directory_v1,directory.roles.insert,roles,POST,admin/directory/v1/customer/{customer}/roles,MUTATING,https://www.googleapis.com/auth/admin.directory.rolemanagement,,Creates a role.
admin,directory_v1,directory.roles.list,roles,GET,admin/directory/v1/customer/{customer}/roles,READ_SAFE,https://www.googleapis.com/auth/admin.directory.rolemanagement https://www.googleapis.com/auth/admin.directory.rolemanagement.readonly,https://www.googleapis.com/auth/admin.directory.rolemanagement.readonly,Retrieves a paginated list of all the roles in a domain.
admin,directory_v1,directory.roles.patch,roles,PATCH,admin/directory/v1/customer/{customer}/roles/{roleId},MUTATING,https://www.googleapis.com/auth/admin.directory.rolemanagement,,Patches a role.
admin,directory_v1,directory.roles.update,roles,PUT,admin/directory/v1/customer/{customer}/roles/{roleId},MUTATING,https://www.googleapis.com/auth/admin.directory.rolemanagement,,Updates a role.
admin,directory_v1,directory.schemas.delete,schemas,DELETE,admin/directory/v1/customer/{customerId}/schemas/{schemaKey},MUTATING,https://www.googleapis.com/auth/admin.directory.userschema,,Deletes a schema.
admin,directory_v1,directory.schemas.get,schemas,GET,admin/directory/v1/customer/{customerId}/schemas/{schemaKey},READ_SAFE,https://www.googleapis.com/auth/admin.directory.userschema https://www.googleapis.com/auth/admin.directory.userschema.readonly,https://www.googleapis.com/auth/admin.directory.userschema.readonly,Retrieves a schema.
admin,directory_v1,directory.schemas.insert,schemas,POST,admin/directory/v1/customer/{customerId}/schemas,MUTATING,https://www.googleapis.com/auth/admin.directory.userschema,,Creates a schema.
admin,directory_v1,directory.schemas.list,schemas,GET,admin/directory/v1/customer/{customerId}/schemas,READ_SAFE,https://www.googleapis.com/auth/admin.directory.userschema https://www.googleapis.com/auth/admin.directory.userschema.readonly,https://www.googleapis.com/auth/admin.directory.userschema.readonly,Retrieves all schemas for a customer.
admin,directory_v1,directory.schemas.patch,schemas,PATCH,admin/directory/v1/customer/{customerId}/schemas/{schemaKey},MUTATING,https://www.googleapis.com/auth/admin.directory.userschema,,Patches a schema.
admin,directory_v1,directory.schemas.update,schemas,PUT,admin/directory/v1/customer/{customerId}/schemas/{schemaKey},MUTATING,https://www.googleapis.com/auth/admin.directory.userschema,,Updates a schema.
admin,directory_v1,directory.tokens.delete,tokens,DELETE,admin/directory/v1/users/{userKey}/tokens/{clientId},MUTATING,https://www.googleapis.com/auth/admin.directory.user.security,,Deletes all access tokens issued by a user for an application.
admin,directory_v1,directory.tokens.get,tokens,GET,admin/directory/v1/users/{userKey}/tokens/{clientId},READ_NEEDS_RW,https://www.googleapis.com/auth/admin.directory.user.security,,Gets information about an access token issued by a user.
admin,directory_v1,directory.tokens.list,tokens,GET,admin/directory/v1/users/{userKey}/tokens,READ_NEEDS_RW,https://www.googleapis.com/auth/admin.directory.user.security,,Returns the set of tokens specified user has issued to 3rd party applications.
admin,directory_v1,directory.twoStepVerification.turnOff,twoStepVerification,POST,admin/directory/v1/users/{userKey}/twoStepVerification/turnOff,MUTATING,https://www.googleapis.com/auth/admin.directory.user.security,,Turns off 2-Step Verification for user.
admin,directory_v1,directory.users.aliases.delete,users.aliases,DELETE,admin/directory/v1/users/{userKey}/aliases/{alias},MUTATING,https://www.googleapis.com/auth/admin.directory.user https://www.googleapis.com/auth/admin.directory.user.alias,,Removes an alias.
admin,directory_v1,directory.users.aliases.insert,users.aliases,POST,admin/directory/v1/users/{userKey}/aliases,MUTATING,https://www.googleapis.com/auth/admin.directory.user https://www.googleapis.com/auth/admin.directory.user.alias,,Adds an alias.
admin,directory_v1,directory.users.aliases.list,users.aliases,GET,admin/directory/v1/users/{userKey}/aliases,READ_SAFE,https://www.googleapis.com/auth/admin.directory.user https://www.googleapis.com/auth/admin.directory.user.alias https://www.googleapis.com/auth/admin.directory.user.alias.readonly https://www.googleapis.com/auth/admin.directory.user.readonly,https://www.googleapis.com/auth/admin.directory.user.alias.readonly https://www.googleapis.com/auth/admin.directory.user.readonly,Lists all aliases for a user.
admin,directory_v1,directory.users.aliases.watch,users.aliases,POST,admin/directory/v1/users/{userKey}/aliases/watch,MUTATING,https://www.googleapis.com/auth/admin.directory.user https://www.googleapis.com/auth/admin.directory.user.alias https://www.googleapis.com/auth/admin.directory.user.alias.readonly https://www.googleapis.com/auth/admin.directory.user.readonly,https://www.googleapis.com/auth/admin.directory.user.alias.readonly https://www.googleapis.com/auth/admin.directory.user.readonly,Watches for changes in users list.
admin,directory_v1,directory.users.createGuest,users,POST,admin/directory/v1/users:createGuest,MUTATING,https://www.googleapis.com/auth/admin.directory.user,,Create a guest user with access to a [subset of Workspace capabilities](https://support.google.com/a/answer/16558545). This feature is currently in Open Beta.
admin,directory_v1,directory.users.delete,users,DELETE,admin/directory/v1/users/{userKey},MUTATING,https://www.googleapis.com/auth/admin.directory.user,,Deletes a user.
admin,directory_v1,directory.users.get,users,GET,admin/directory/v1/users/{userKey},READ_SAFE,https://www.googleapis.com/auth/admin.directory.user https://www.googleapis.com/auth/admin.directory.user.readonly,https://www.googleapis.com/auth/admin.directory.user.readonly,Retrieves a user.
admin,directory_v1,directory.users.insert,users,POST,admin/directory/v1/users,MUTATING,https://www.googleapis.com/auth/admin.directory.user,,"Creates a user. Mutate calls immediately following user creation might sometimes fail as the user isn't fully created due to propagation delay in our backends. Check the error details for the ""User creation is not complete"" message to see if this is the case. Retrying the calls after some time can h"
admin,directory_v1,directory.users.list,users,GET,admin/directory/v1/users,READ_SAFE,https://www.googleapis.com/auth/admin.directory.user https://www.googleapis.com/auth/admin.directory.user.readonly https://www.googleapis.com/auth/cloud-platform,https://www.googleapis.com/auth/admin.directory.user.readonly,Retrieves a paginated list of either deleted users or all users in a domain.
admin,directory_v1,directory.users.makeAdmin,users,POST,admin/directory/v1/users/{userKey}/makeAdmin,MUTATING,https://www.googleapis.com/auth/admin.directory.user,,Makes a user a super administrator.
admin,directory_v1,directory.users.patch,users,PATCH,admin/directory/v1/users/{userKey},MUTATING,https://www.googleapis.com/auth/admin.directory.user,,"Updates a user using patch semantics. The update method should be used instead, because it also supports patch semantics and has better performance. If you're mapping an external identity to a Google identity, use the [`update`](https://developers.google.com/workspace/admin/directory/v1/reference/us"
admin,directory_v1,directory.users.photos.delete,users.photos,DELETE,admin/directory/v1/users/{userKey}/photos/thumbnail,MUTATING,https://www.googleapis.com/auth/admin.directory.user,,Removes the user's photo.
admin,directory_v1,directory.users.photos.get,users.photos,GET,admin/directory/v1/users/{userKey}/photos/thumbnail,READ_SAFE,https://www.googleapis.com/auth/admin.directory.user https://www.googleapis.com/auth/admin.directory.user.readonly,https://www.googleapis.com/auth/admin.directory.user.readonly,Retrieves the user's photo.
admin,directory_v1,directory.users.photos.patch,users.photos,PATCH,admin/directory/v1/users/{userKey}/photos/thumbnail,MUTATING,https://www.googleapis.com/auth/admin.directory.user,,Adds a photo for the user. This method supports [patch semantics](https://developers.google.com/workspace/admin/directory/v1/guides/performance#patch).
admin,directory_v1,directory.users.photos.update,users.photos,PUT,admin/directory/v1/users/{userKey}/photos/thumbnail,MUTATING,https://www.googleapis.com/auth/admin.directory.user,,Adds a photo for the user.
admin,directory_v1,directory.users.signOut,users,POST,admin/directory/v1/users/{userKey}/signOut,MUTATING,https://www.googleapis.com/auth/admin.directory.user.security,,Signs a user out of all web and device sessions and reset their sign-in cookies. User will have to sign in by authenticating again.
admin,directory_v1,directory.users.undelete,users,POST,admin/directory/v1/users/{userKey}/undelete,MUTATING,https://www.googleapis.com/auth/admin.directory.user,,Undeletes a deleted user.
admin,directory_v1,directory.users.update,users,PUT,admin/directory/v1/users/{userKey},MUTATING,https://www.googleapis.com/auth/admin.directory.user,,"Updates a user. This method supports patch semantics, meaning that you only need to include the fields you wish to update. Fields that are not present in the request will be preserved, and fields set to `null` will be cleared. For repeating fields that contain arrays, individual items in the array c"
admin,directory_v1,directory.users.watch,users,POST,admin/directory/v1/users/watch,MUTATING,https://www.googleapis.com/auth/admin.directory.user https://www.googleapis.com/auth/admin.directory.user.readonly https://www.googleapis.com/auth/cloud-platform,https://www.googleapis.com/auth/admin.directory.user.readonly,Watches for changes in users list.
admin,directory_v1,directory.verificationCodes.generate,verificationCodes,POST,admin/directory/v1/users/{userKey}/verificationCodes/generate,MUTATING,https://www.googleapis.com/auth/admin.directory.user.security,,Generates new backup verification codes for the user.
admin,directory_v1,directory.verificationCodes.invalidate,verificationCodes,POST,admin/directory/v1/users/{userKey}/verificationCodes/invalidate,MUTATING,https://www.googleapis.com/auth/admin.directory.user.security,,Invalidates the current backup verification codes for the user.
admin,directory_v1,directory.verificationCodes.list,verificationCodes,GET,admin/directory/v1/users/{userKey}/verificationCodes,READ_NEEDS_RW,https://www.googleapis.com/auth/admin.directory.user.security,,Returns the current set of valid backup verification codes for the specified user.
admin,reports_v1,admin.channels.stop,channels,POST,admin/reports_v1/channels/stop,MUTATING,https://www.googleapis.com/auth/admin.reports.audit.readonly,https://www.googleapis.com/auth/admin.reports.audit.readonly,Stop watching resources through this channel.
admin,reports_v1,reports.activities.list,activities,GET,admin/reports/v1/activity/users/{userKey}/applications/{applicationName},READ_SAFE,https://www.googleapis.com/auth/admin.reports.audit.readonly,https://www.googleapis.com/auth/admin.reports.audit.readonly,"Retrieves a list of activities for a specific customer's account and application such as the Admin console application or the Google Drive application. For more information, see the guides for administrator and Google Drive activity reports. For more information about the activity report's parameter"
admin,reports_v1,reports.activities.watch,activities,POST,admin/reports/v1/activity/users/{userKey}/applications/{applicationName}/watch,MUTATING,https://www.googleapis.com/auth/admin.reports.audit.readonly,https://www.googleapis.com/auth/admin.reports.audit.readonly,"Start receiving notifications for account activities. For more information, see Receiving Push Notifications."
admin,reports_v1,reports.customerUsageReports.get,customerUsageReports,GET,admin/reports/v1/usage/dates/{date},READ_SAFE,https://www.googleapis.com/auth/admin.reports.usage.readonly,https://www.googleapis.com/auth/admin.reports.usage.readonly,"Retrieves a report which is a collection of properties and statistics for a specific customer's account. For more information, see the Customers Usage Report guide. For more information about the customer report's parameters, see the Customers Usage parameters reference guides. "
admin,reports_v1,reports.entityUsageReports.get,entityUsageReports,GET,admin/reports/v1/usage/{entityType}/{entityKey}/dates/{date},READ_SAFE,https://www.googleapis.com/auth/admin.reports.usage.readonly,https://www.googleapis.com/auth/admin.reports.usage.readonly,"Retrieves a report which is a collection of properties and statistics for entities used by users within the account. For more information, see the Entities Usage Report guide. For more information about the entities report's parameters, see the Entities Usage parameters reference guides."
admin,reports_v1,reports.userUsageReport.get,userUsageReport,GET,admin/reports/v1/usage/users/{userKey}/dates/{date},READ_SAFE,https://www.googleapis.com/auth/admin.reports.usage.readonly,https://www.googleapis.com/auth/admin.reports.usage.readonly,"Retrieves a report which is a collection of properties and statistics for a set of users with the account. For more information, see the User Usage Report guide. For more information about the user report's parameters, see the Users Usage parameters reference guides."
alertcenter,v1beta1,alertcenter.alerts.batchDelete,alerts,POST,v1beta1/alerts:batchDelete,MUTATING,https://www.googleapis.com/auth/apps.alerts,,Performs batch delete operation on alerts.
alertcenter,v1beta1,alertcenter.alerts.batchUndelete,alerts,POST,v1beta1/alerts:batchUndelete,MUTATING,https://www.googleapis.com/auth/apps.alerts,,Performs batch undelete operation on alerts.
alertcenter,v1beta1,alertcenter.alerts.delete,alerts,DELETE,v1beta1/alerts/{alertId},MUTATING,https://www.googleapis.com/auth/apps.alerts,,Marks the specified alert for deletion. An alert that has been marked for deletion is removed from Alert Center after 30 days. Marking an alert for deletion has no effect on an alert which has already been marked for deletion. Attempting to mark a nonexistent alert for deletion results in a `NOT_FOU
alertcenter,v1beta1,alertcenter.alerts.feedback.create,alerts.feedback,POST,v1beta1/alerts/{alertId}/feedback,MUTATING,https://www.googleapis.com/auth/apps.alerts,,Creates new feedback for an alert. Attempting to create a feedback for a non-existent alert returns `NOT_FOUND` error. Attempting to create a feedback for an alert that is marked for deletion returns `FAILED_PRECONDITION' error.
alertcenter,v1beta1,alertcenter.alerts.feedback.list,alerts.feedback,GET,v1beta1/alerts/{alertId}/feedback,READ_NEEDS_RW,https://www.googleapis.com/auth/apps.alerts,,Lists all the feedback for an alert. Attempting to list feedbacks for a non-existent alert returns `NOT_FOUND` error.
alertcenter,v1beta1,alertcenter.alerts.get,alerts,GET,v1beta1/alerts/{alertId},READ_NEEDS_RW,https://www.googleapis.com/auth/apps.alerts,,Gets the specified alert. Attempting to get a nonexistent alert returns `NOT_FOUND` error.
alertcenter,v1beta1,alertcenter.alerts.getMetadata,alerts,GET,v1beta1/alerts/{alertId}/metadata,READ_NEEDS_RW,https://www.googleapis.com/auth/apps.alerts,,Returns the metadata of an alert. Attempting to get metadata for a non-existent alert returns `NOT_FOUND` error.
alertcenter,v1beta1,alertcenter.alerts.list,alerts,GET,v1beta1/alerts,READ_NEEDS_RW,https://www.googleapis.com/auth/apps.alerts,,Lists the alerts.
alertcenter,v1beta1,alertcenter.alerts.undelete,alerts,POST,v1beta1/alerts/{alertId}:undelete,MUTATING,https://www.googleapis.com/auth/apps.alerts,,"Restores, or ""undeletes"", an alert that was marked for deletion within the past 30 days. Attempting to undelete an alert which was marked for deletion over 30 days ago (which has been removed from the Alert Center database) or a nonexistent alert returns a `NOT_FOUND` error. Attempting to undelete a"
alertcenter,v1beta1,alertcenter.getSettings,v1beta1,GET,v1beta1/settings,READ_NEEDS_RW,https://www.googleapis.com/auth/apps.alerts,,Returns customer-level settings.
alertcenter,v1beta1,alertcenter.updateSettings,v1beta1,PATCH,v1beta1/settings,MUTATING,https://www.googleapis.com/auth/apps.alerts,,Updates the customer-level settings.
calendar,v3,calendar.acl.delete,acl,DELETE,calendars/{calendarId}/acl/{ruleId},MUTATING,https://www.googleapis.com/auth/calendar https://www.googleapis.com/auth/calendar.acls,,Deletes an access control rule.
calendar,v3,calendar.acl.get,acl,GET,calendars/{calendarId}/acl/{ruleId},READ_SAFE,https://www.googleapis.com/auth/calendar https://www.googleapis.com/auth/calendar.acls https://www.googleapis.com/auth/calendar.acls.readonly https://www.googleapis.com/auth/calendar.readonly,https://www.googleapis.com/auth/calendar.acls.readonly https://www.googleapis.com/auth/calendar.readonly,Returns an access control rule.
calendar,v3,calendar.acl.insert,acl,POST,calendars/{calendarId}/acl,MUTATING,https://www.googleapis.com/auth/calendar https://www.googleapis.com/auth/calendar.acls,,Creates an access control rule.
calendar,v3,calendar.acl.list,acl,GET,calendars/{calendarId}/acl,READ_SAFE,https://www.googleapis.com/auth/calendar https://www.googleapis.com/auth/calendar.acls https://www.googleapis.com/auth/calendar.acls.readonly,https://www.googleapis.com/auth/calendar.acls.readonly,Returns the rules in the access control list for the calendar.
calendar,v3,calendar.acl.patch,acl,PATCH,calendars/{calendarId}/acl/{ruleId},MUTATING,https://www.googleapis.com/auth/calendar https://www.googleapis.com/auth/calendar.acls,,Updates an access control rule. This method supports patch semantics.
calendar,v3,calendar.acl.update,acl,PUT,calendars/{calendarId}/acl/{ruleId},MUTATING,https://www.googleapis.com/auth/calendar https://www.googleapis.com/auth/calendar.acls,,Updates an access control rule.
calendar,v3,calendar.acl.watch,acl,POST,calendars/{calendarId}/acl/watch,MUTATING,https://www.googleapis.com/auth/calendar https://www.googleapis.com/auth/calendar.acls https://www.googleapis.com/auth/calendar.acls.readonly,https://www.googleapis.com/auth/calendar.acls.readonly,Watch for changes to ACL resources.
calendar,v3,calendar.calendarList.delete,calendarList,DELETE,users/me/calendarList/{calendarId},MUTATING,https://www.googleapis.com/auth/calendar https://www.googleapis.com/auth/calendar.app.created https://www.googleapis.com/auth/calendar.calendarlist,,Removes a calendar from the user's calendar list.
calendar,v3,calendar.calendarList.get,calendarList,GET,users/me/calendarList/{calendarId},READ_SAFE,https://www.googleapis.com/auth/calendar https://www.googleapis.com/auth/calendar.app.created https://www.googleapis.com/auth/calendar.calendarlist https://www.googleapis.com/auth/calendar.calendarlist.readonly https://www.googleapis.com/auth/calendar.readonly,https://www.googleapis.com/auth/calendar.calendarlist.readonly https://www.googleapis.com/auth/calendar.readonly,Returns a calendar from the user's calendar list.
calendar,v3,calendar.calendarList.insert,calendarList,POST,users/me/calendarList,MUTATING,https://www.googleapis.com/auth/calendar https://www.googleapis.com/auth/calendar.calendarlist,,Inserts an existing calendar into the user's calendar list.
calendar,v3,calendar.calendarList.list,calendarList,GET,users/me/calendarList,READ_SAFE,https://www.googleapis.com/auth/calendar https://www.googleapis.com/auth/calendar.calendarlist https://www.googleapis.com/auth/calendar.calendarlist.readonly https://www.googleapis.com/auth/calendar.readonly,https://www.googleapis.com/auth/calendar.calendarlist.readonly https://www.googleapis.com/auth/calendar.readonly,Returns the calendars on the user's calendar list.
calendar,v3,calendar.calendarList.patch,calendarList,PATCH,users/me/calendarList/{calendarId},MUTATING,https://www.googleapis.com/auth/calendar https://www.googleapis.com/auth/calendar.app.created https://www.googleapis.com/auth/calendar.calendarlist,,Updates an existing calendar on the user's calendar list. This method supports patch semantics.
calendar,v3,calendar.calendarList.update,calendarList,PUT,users/me/calendarList/{calendarId},MUTATING,https://www.googleapis.com/auth/calendar https://www.googleapis.com/auth/calendar.app.created https://www.googleapis.com/auth/calendar.calendarlist,,Updates an existing calendar on the user's calendar list.
calendar,v3,calendar.calendarList.watch,calendarList,POST,users/me/calendarList/watch,MUTATING,https://www.googleapis.com/auth/calendar https://www.googleapis.com/auth/calendar.calendarlist https://www.googleapis.com/auth/calendar.calendarlist.readonly https://www.googleapis.com/auth/calendar.readonly,https://www.googleapis.com/auth/calendar.calendarlist.readonly https://www.googleapis.com/auth/calendar.readonly,Watch for changes to CalendarList resources.
calendar,v3,calendar.calendars.clear,calendars,POST,calendars/{calendarId}/clear,MUTATING,https://www.googleapis.com/auth/calendar https://www.googleapis.com/auth/calendar.calendars,,Clears a primary calendar. This operation deletes all events associated with the primary calendar of an account.
calendar,v3,calendar.calendars.delete,calendars,DELETE,calendars/{calendarId},MUTATING,https://www.googleapis.com/auth/calendar https://www.googleapis.com/auth/calendar.app.created https://www.googleapis.com/auth/calendar.calendars,,Deletes a secondary calendar. Use calendars.clear for clearing all events on primary calendars.
calendar,v3,calendar.calendars.get,calendars,GET,calendars/{calendarId},READ_SAFE,https://www.googleapis.com/auth/calendar https://www.googleapis.com/auth/calendar.app.created https://www.googleapis.com/auth/calendar.calendars https://www.googleapis.com/auth/calendar.calendars.readonly https://www.googleapis.com/auth/calendar.readonly,https://www.googleapis.com/auth/calendar.calendars.readonly https://www.googleapis.com/auth/calendar.readonly,Returns metadata for a calendar.
calendar,v3,calendar.calendars.insert,calendars,POST,calendars,MUTATING,https://www.googleapis.com/auth/calendar https://www.googleapis.com/auth/calendar.app.created https://www.googleapis.com/auth/calendar.calendars,,Creates a secondary calendar.
calendar,v3,calendar.calendars.patch,calendars,PATCH,calendars/{calendarId},MUTATING,https://www.googleapis.com/auth/calendar https://www.googleapis.com/auth/calendar.app.created https://www.googleapis.com/auth/calendar.calendars,,Updates metadata for a calendar. This method supports patch semantics.
calendar,v3,calendar.calendars.transferOwnership,calendars,POST,calendars/{calendarId}/transferOwnership,MUTATING,https://www.googleapis.com/auth/calendar https://www.googleapis.com/auth/calendar.calendars,,"Transfers a secondary calendar between users within a Google Workspace organization. Requires user authentication with Manage Calendars administrator privilege, and one of the following authorization scopes: "
calendar,v3,calendar.calendars.update,calendars,PUT,calendars/{calendarId},MUTATING,https://www.googleapis.com/auth/calendar https://www.googleapis.com/auth/calendar.app.created https://www.googleapis.com/auth/calendar.calendars,,Updates metadata for a calendar.
calendar,v3,calendar.channels.stop,channels,POST,channels/stop,MUTATING,https://www.googleapis.com/auth/calendar https://www.googleapis.com/auth/calendar.acls https://www.googleapis.com/auth/calendar.acls.readonly https://www.googleapis.com/auth/calendar.app.created https://www.googleapis.com/auth/calendar.calendarlist https://www.googleapis.com/auth/calendar.calendarlist.readonly https://www.googleapis.com/auth/calendar.events https://www.googleapis.com/auth/calendar.events.freebusy https://www.googleapis.com/auth/calendar.events.owned https://www.googleapis.com/auth/calendar.events.owned.readonly https://www.googleapis.com/auth/calendar.events.public.readonly https://www.googleapis.com/auth/calendar.events.readonly https://www.googleapis.com/auth/calendar.readonly https://www.googleapis.com/auth/calendar.settings.readonly,https://www.googleapis.com/auth/calendar.acls.readonly https://www.googleapis.com/auth/calendar.calendarlist.readonly https://www.googleapis.com/auth/calendar.events.owned.readonly https://www.googleapis.com/auth/calendar.events.public.readonly https://www.googleapis.com/auth/calendar.events.readonly https://www.googleapis.com/auth/calendar.readonly https://www.googleapis.com/auth/calendar.settings.readonly,Stop watching resources through this channel
calendar,v3,calendar.colors.get,colors,GET,colors,READ_SAFE,https://www.googleapis.com/auth/calendar https://www.googleapis.com/auth/calendar.app.created https://www.googleapis.com/auth/calendar.calendarlist https://www.googleapis.com/auth/calendar.calendarlist.readonly https://www.googleapis.com/auth/calendar.events.freebusy https://www.googleapis.com/auth/calendar.events.owned https://www.googleapis.com/auth/calendar.events.owned.readonly https://www.googleapis.com/auth/calendar.events.public.readonly https://www.googleapis.com/auth/calendar.readonly,https://www.googleapis.com/auth/calendar.calendarlist.readonly https://www.googleapis.com/auth/calendar.events.owned.readonly https://www.googleapis.com/auth/calendar.events.public.readonly https://www.googleapis.com/auth/calendar.readonly,Returns the color definitions for calendars and events.
calendar,v3,calendar.events.delete,events,DELETE,calendars/{calendarId}/events/{eventId},MUTATING,https://www.googleapis.com/auth/calendar https://www.googleapis.com/auth/calendar.app.created https://www.googleapis.com/auth/calendar.events https://www.googleapis.com/auth/calendar.events.owned,,Deletes an event.
calendar,v3,calendar.events.get,events,GET,calendars/{calendarId}/events/{eventId},READ_SAFE,https://www.googleapis.com/auth/calendar https://www.googleapis.com/auth/calendar.app.created https://www.googleapis.com/auth/calendar.events https://www.googleapis.com/auth/calendar.events.freebusy https://www.googleapis.com/auth/calendar.events.owned https://www.googleapis.com/auth/calendar.events.owned.readonly https://www.googleapis.com/auth/calendar.events.public.readonly https://www.googleapis.com/auth/calendar.events.readonly https://www.googleapis.com/auth/calendar.readonly,https://www.googleapis.com/auth/calendar.events.owned.readonly https://www.googleapis.com/auth/calendar.events.public.readonly https://www.googleapis.com/auth/calendar.events.readonly https://www.googleapis.com/auth/calendar.readonly,"Returns an event based on its Google Calendar ID. To retrieve an event using its iCalendar ID, call the events.list method using the iCalUID parameter."
calendar,v3,calendar.events.import,events,POST,calendars/{calendarId}/events/import,MUTATING,https://www.googleapis.com/auth/calendar https://www.googleapis.com/auth/calendar.app.created https://www.googleapis.com/auth/calendar.events https://www.googleapis.com/auth/calendar.events.owned,,Imports an event. This operation is used to add a private copy of an existing event to a calendar. Only events with an eventType of default may be imported.
calendar,v3,calendar.events.insert,events,POST,calendars/{calendarId}/events,MUTATING,https://www.googleapis.com/auth/calendar https://www.googleapis.com/auth/calendar.app.created https://www.googleapis.com/auth/calendar.events https://www.googleapis.com/auth/calendar.events.owned,,Creates an event.
calendar,v3,calendar.events.instances,events,GET,calendars/{calendarId}/events/{eventId}/instances,READ_SAFE,https://www.googleapis.com/auth/calendar https://www.googleapis.com/auth/calendar.app.created https://www.googleapis.com/auth/calendar.events https://www.googleapis.com/auth/calendar.events.freebusy https://www.googleapis.com/auth/calendar.events.owned https://www.googleapis.com/auth/calendar.events.owned.readonly https://www.googleapis.com/auth/calendar.events.public.readonly https://www.googleapis.com/auth/calendar.events.readonly https://www.googleapis.com/auth/calendar.readonly,https://www.googleapis.com/auth/calendar.events.owned.readonly https://www.googleapis.com/auth/calendar.events.public.readonly https://www.googleapis.com/auth/calendar.events.readonly https://www.googleapis.com/auth/calendar.readonly,Returns instances of the specified recurring event.
calendar,v3,calendar.events.list,events,GET,calendars/{calendarId}/events,READ_SAFE,https://www.googleapis.com/auth/calendar https://www.googleapis.com/auth/calendar.app.created https://www.googleapis.com/auth/calendar.events https://www.googleapis.com/auth/calendar.events.freebusy https://www.googleapis.com/auth/calendar.events.owned https://www.googleapis.com/auth/calendar.events.owned.readonly https://www.googleapis.com/auth/calendar.events.public.readonly https://www.googleapis.com/auth/calendar.events.readonly https://www.googleapis.com/auth/calendar.readonly,https://www.googleapis.com/auth/calendar.events.owned.readonly https://www.googleapis.com/auth/calendar.events.public.readonly https://www.googleapis.com/auth/calendar.events.readonly https://www.googleapis.com/auth/calendar.readonly,Returns events on the specified calendar.
calendar,v3,calendar.events.move,events,POST,calendars/{calendarId}/events/{eventId}/move,MUTATING,https://www.googleapis.com/auth/calendar https://www.googleapis.com/auth/calendar.events https://www.googleapis.com/auth/calendar.events.owned,,"Moves an event to another calendar, i.e. changes an event's organizer. Note that only default events can be moved; birthday, focusTime, fromGmail, outOfOffice and workingLocation events cannot be moved."
calendar,v3,calendar.events.patch,events,PATCH,calendars/{calendarId}/events/{eventId},MUTATING,https://www.googleapis.com/auth/calendar https://www.googleapis.com/auth/calendar.app.created https://www.googleapis.com/auth/calendar.events https://www.googleapis.com/auth/calendar.events.owned,,Updates an event. This method supports patch semantics.
calendar,v3,calendar.events.quickAdd,events,POST,calendars/{calendarId}/events/quickAdd,MUTATING,https://www.googleapis.com/auth/calendar https://www.googleapis.com/auth/calendar.app.created https://www.googleapis.com/auth/calendar.events https://www.googleapis.com/auth/calendar.events.owned,,Creates an event based on a simple text string.
calendar,v3,calendar.events.update,events,PUT,calendars/{calendarId}/events/{eventId},MUTATING,https://www.googleapis.com/auth/calendar https://www.googleapis.com/auth/calendar.app.created https://www.googleapis.com/auth/calendar.events https://www.googleapis.com/auth/calendar.events.owned,,Updates an event.
calendar,v3,calendar.events.watch,events,POST,calendars/{calendarId}/events/watch,MUTATING,https://www.googleapis.com/auth/calendar https://www.googleapis.com/auth/calendar.app.created https://www.googleapis.com/auth/calendar.events https://www.googleapis.com/auth/calendar.events.freebusy https://www.googleapis.com/auth/calendar.events.owned https://www.googleapis.com/auth/calendar.events.owned.readonly https://www.googleapis.com/auth/calendar.events.public.readonly https://www.googleapis.com/auth/calendar.events.readonly https://www.googleapis.com/auth/calendar.readonly,https://www.googleapis.com/auth/calendar.events.owned.readonly https://www.googleapis.com/auth/calendar.events.public.readonly https://www.googleapis.com/auth/calendar.events.readonly https://www.googleapis.com/auth/calendar.readonly,Watch for changes to Events resources.
calendar,v3,calendar.freebusy.query,freebusy,POST,freeBusy,READ_SAFE,https://www.googleapis.com/auth/calendar https://www.googleapis.com/auth/calendar.events.freebusy https://www.googleapis.com/auth/calendar.freebusy https://www.googleapis.com/auth/calendar.readonly,https://www.googleapis.com/auth/calendar.readonly,Returns free/busy information for a set of calendars.
calendar,v3,calendar.settings.get,settings,GET,users/me/settings/{setting},READ_SAFE,https://www.googleapis.com/auth/calendar https://www.googleapis.com/auth/calendar.readonly https://www.googleapis.com/auth/calendar.settings.readonly,https://www.googleapis.com/auth/calendar.readonly https://www.googleapis.com/auth/calendar.settings.readonly,Returns a single user setting.
calendar,v3,calendar.settings.list,settings,GET,users/me/settings,READ_SAFE,https://www.googleapis.com/auth/calendar https://www.googleapis.com/auth/calendar.readonly https://www.googleapis.com/auth/calendar.settings.readonly,https://www.googleapis.com/auth/calendar.readonly https://www.googleapis.com/auth/calendar.settings.readonly,Returns all user settings for the authenticated user.
calendar,v3,calendar.settings.watch,settings,POST,users/me/settings/watch,MUTATING,https://www.googleapis.com/auth/calendar https://www.googleapis.com/auth/calendar.readonly https://www.googleapis.com/auth/calendar.settings.readonly,https://www.googleapis.com/auth/calendar.readonly https://www.googleapis.com/auth/calendar.settings.readonly,Watch for changes to Settings resources.
chromemanagement,v1,chromemanagement.customers.apps.android.get,customers.apps.android,GET,v1/{+name},READ_SAFE,https://www.googleapis.com/auth/chrome.management.appdetails.readonly,https://www.googleapis.com/auth/chrome.management.appdetails.readonly,Get a specific app for a customer by its resource name.
chromemanagement,v1,chromemanagement.customers.apps.chrome.get,customers.apps.chrome,GET,v1/{+name},READ_SAFE,https://www.googleapis.com/auth/chrome.management.appdetails.readonly,https://www.googleapis.com/auth/chrome.management.appdetails.readonly,Get a specific app for a customer by its resource name.
chromemanagement,v1,chromemanagement.customers.apps.countChromeAppRequests,customers.apps,GET,v1/{+customer}/apps:countChromeAppRequests,READ_SAFE,https://www.googleapis.com/auth/chrome.management.appdetails.readonly,https://www.googleapis.com/auth/chrome.management.appdetails.readonly,Generate summary of app installation requests.
chromemanagement,v1,chromemanagement.customers.apps.fetchDevicesRequestingExtension,customers.apps,GET,v1/{+customer}/apps:fetchDevicesRequestingExtension,READ_SAFE,https://www.googleapis.com/auth/chrome.management.appdetails.readonly,https://www.googleapis.com/auth/chrome.management.appdetails.readonly,Get a list of devices that have requested to install an extension.
chromemanagement,v1,chromemanagement.customers.apps.fetchUsersRequestingExtension,customers.apps,GET,v1/{+customer}/apps:fetchUsersRequestingExtension,READ_SAFE,https://www.googleapis.com/auth/chrome.management.appdetails.readonly,https://www.googleapis.com/auth/chrome.management.appdetails.readonly,Get a list of users that have requested to install an extension.
chromemanagement,v1,chromemanagement.customers.apps.web.get,customers.apps.web,GET,v1/{+name},READ_SAFE,https://www.googleapis.com/auth/chrome.management.appdetails.readonly,https://www.googleapis.com/auth/chrome.management.appdetails.readonly,Get a specific app for a customer by its resource name.
chromemanagement,v1,chromemanagement.customers.certificateProvisioningProcesses.claim,customers.certificateProvisioningProcesses,POST,v1/{+name}:claim,MUTATING,,,"Claims a certificate provisioning process. For each certificate provisioning process, this operation can succeed only for one `caller_instance_id`."
chromemanagement,v1,chromemanagement.customers.certificateProvisioningProcesses.get,customers.certificateProvisioningProcesses,GET,v1/{+name},READ_NO_SCOPE,,,Retrieves a certificate provisioning process.
chromemanagement,v1,chromemanagement.customers.certificateProvisioningProcesses.operations.get,customers.certificateProvisioningProcesses.operations,GET,v1/{+name},READ_NO_SCOPE,,,Gets the latest state of a long-running operation. Clients can use this method to poll the operation result at intervals as recommended by the API service.
chromemanagement,v1,chromemanagement.customers.certificateProvisioningProcesses.setFailure,customers.certificateProvisioningProcesses,POST,v1/{+name}:setFailure,MUTATING,,,Marks a certificate provisioning process as failed.
chromemanagement,v1,chromemanagement.customers.certificateProvisioningProcesses.signData,customers.certificateProvisioningProcesses,POST,v1/{+name}:signData,MUTATING,,,Requests the client that initiated a certificate provisioning process to sign data. This should only be called after `ClaimCertificateProvisioningProcess` has been successfully executed.
chromemanagement,v1,chromemanagement.customers.certificateProvisioningProcesses.uploadCertificate,customers.certificateProvisioningProcesses,POST,v1/{+name}:uploadCertificate,MUTATING,,,Uploads a successfully issued certificate for a certificate provisioning process.
chromemanagement,v1,chromemanagement.customers.connectorConfigs.create,customers.connectorConfigs,POST,v1/{+parent}/connectorConfigs,MUTATING,,,Creates a connector config.
chromemanagement,v1,chromemanagement.customers.connectorConfigs.delete,customers.connectorConfigs,DELETE,v1/{+name},MUTATING,,,Deletes a connector config.
chromemanagement,v1,chromemanagement.customers.connectorConfigs.get,customers.connectorConfigs,GET,v1/{+name},READ_NO_SCOPE,,,Gets a connector config with customer ID and config ID.
chromemanagement,v1,chromemanagement.customers.connectorConfigs.list,customers.connectorConfigs,GET,v1/{+parent}/connectorConfigs,READ_NO_SCOPE,,,Lists connector configs of a customer.
chromemanagement,v1,chromemanagement.customers.connectorConfigs.patch,customers.connectorConfigs,PATCH,v1/{+name},MUTATING,,,Updates a connector config.
chromemanagement,v1,chromemanagement.customers.enterprise.securityInsights.checkEnablementStatus,customers.enterprise.securityInsights,GET,v1/{+customer}/enterprise/securityInsights:checkEnablementStatus,READ_SAFE,https://www.googleapis.com/auth/chrome.management.securityinsights https://www.googleapis.com/auth/chrome.management.securityinsights.readonly,https://www.googleapis.com/auth/chrome.management.securityinsights.readonly,Gets the setting state of the insights feature for the customer.
chromemanagement,v1,chromemanagement.customers.enterprise.securityInsights.disable,customers.enterprise.securityInsights,POST,v1/{+customer}/enterprise/securityInsights:disable,MUTATING,https://www.googleapis.com/auth/chrome.management.securityinsights,,Disables insights for the customer.
chromemanagement,v1,chromemanagement.customers.enterprise.securityInsights.enable,customers.enterprise.securityInsights,POST,v1/{+customer}/enterprise/securityInsights:enable,MUTATING,https://www.googleapis.com/auth/chrome.management.securityinsights,,Enables insights for the customer and sets up required chrome connectors.
chromemanagement,v1,chromemanagement.customers.enterprise.securityInsights.queryContentTransfers,customers.enterprise.securityInsights,GET,v1/{+customer}/enterprise/securityInsights:queryContentTransfers,READ_SAFE,https://www.googleapis.com/auth/chrome.management.securityinsights https://www.googleapis.com/auth/chrome.management.securityinsights.readonly,https://www.googleapis.com/auth/chrome.management.securityinsights.readonly,Returns a high-level summary of content transfers for a given customer.
chromemanagement,v1,chromemanagement.customers.enterprise.securityInsights.queryContentTransfersBreakdowns,customers.enterprise.securityInsights,GET,v1/{+customer}/enterprise/securityInsights:queryContentTransfersBreakdowns,READ_SAFE,https://www.googleapis.com/auth/chrome.management.securityinsights https://www.googleapis.com/auth/chrome.management.securityinsights.readonly,https://www.googleapis.com/auth/chrome.management.securityinsights.readonly,Returns summaries of content transfers for a given metric and breakdown dimension.
chromemanagement,v1,chromemanagement.customers.enterprise.securityInsights.queryUrlVisits,customers.enterprise.securityInsights,GET,v1/{+customer}/enterprise/securityInsights:queryUrlVisits,READ_SAFE,https://www.googleapis.com/auth/chrome.management.securityinsights https://www.googleapis.com/auth/chrome.management.securityinsights.readonly,https://www.googleapis.com/auth/chrome.management.securityinsights.readonly,"Returns a high-level summary of URL visits for a given customer. Requires a Chrome Enterprise Premium subscription. If the customer does not have this subscription, query results will be empty."
chromemanagement,v1,chromemanagement.customers.enterprise.securityInsights.queryUrlVisitsBreakdowns,customers.enterprise.securityInsights,GET,v1/{+customer}/enterprise/securityInsights:queryUrlVisitsBreakdowns,READ_SAFE,https://www.googleapis.com/auth/chrome.management.securityinsights https://www.googleapis.com/auth/chrome.management.securityinsights.readonly,https://www.googleapis.com/auth/chrome.management.securityinsights.readonly,"Returns summaries of URL visits for a given metric and breakdown dimension. Requires a Chrome Enterprise Premium subscription. If the customer does not have this subscription, query results will be empty."
chromemanagement,v1,chromemanagement.customers.profiles.commands.create,customers.profiles.commands,POST,v1/{+parent}/commands,MUTATING,https://www.googleapis.com/auth/chrome.management.profiles,,Creates a Chrome browser profile remote command.
chromemanagement,v1,chromemanagement.customers.profiles.commands.get,customers.profiles.commands,GET,v1/{+name},READ_SAFE,https://www.googleapis.com/auth/chrome.management.profiles https://www.googleapis.com/auth/chrome.management.profiles.readonly,https://www.googleapis.com/auth/chrome.management.profiles.readonly,Gets a Chrome browser profile remote command.
chromemanagement,v1,chromemanagement.customers.profiles.commands.list,customers.profiles.commands,GET,v1/{+parent}/commands,READ_SAFE,https://www.googleapis.com/auth/chrome.management.profiles https://www.googleapis.com/auth/chrome.management.profiles.readonly,https://www.googleapis.com/auth/chrome.management.profiles.readonly,Lists remote commands of a Chrome browser profile.
chromemanagement,v1,chromemanagement.customers.profiles.delete,customers.profiles,DELETE,v1/{+name},MUTATING,https://www.googleapis.com/auth/chrome.management.profiles,,Deletes the data collected from a Chrome browser profile.
chromemanagement,v1,chromemanagement.customers.profiles.get,customers.profiles,GET,v1/{+name},READ_SAFE,https://www.googleapis.com/auth/chrome.management.profiles https://www.googleapis.com/auth/chrome.management.profiles.readonly,https://www.googleapis.com/auth/chrome.management.profiles.readonly,Gets a Chrome browser profile with customer ID and profile permanent ID.
chromemanagement,v1,chromemanagement.customers.profiles.list,customers.profiles,GET,v1/{+parent}/profiles,READ_SAFE,https://www.googleapis.com/auth/chrome.management.profiles https://www.googleapis.com/auth/chrome.management.profiles.readonly,https://www.googleapis.com/auth/chrome.management.profiles.readonly,Lists Chrome browser profiles of a customer based on the given search and sorting criteria.
chromemanagement,v1,chromemanagement.customers.reports.countActiveDevices,customers.reports,GET,v1/{+customer}/reports:countActiveDevices,READ_SAFE,https://www.googleapis.com/auth/chrome.management.reports.readonly,https://www.googleapis.com/auth/chrome.management.reports.readonly,Get a count of active devices per set time frames.
chromemanagement,v1,chromemanagement.customers.reports.countChromeBrowsersNeedingAttention,customers.reports,GET,v1/{+customer}/reports:countChromeBrowsersNeedingAttention,READ_SAFE,https://www.googleapis.com/auth/chrome.management.reports.readonly,https://www.googleapis.com/auth/chrome.management.reports.readonly,"Count of Chrome Browsers that have been recently enrolled, have new policy to be synced, or have no recent activity."
chromemanagement,v1,chromemanagement.customers.reports.countChromeCrashEvents,customers.reports,GET,v1/{+customer}/reports:countChromeCrashEvents,READ_SAFE,https://www.googleapis.com/auth/chrome.management.reports.readonly,https://www.googleapis.com/auth/chrome.management.reports.readonly,Get a count of Chrome crash events.
chromemanagement,v1,chromemanagement.customers.reports.countChromeDevicesReachingAutoExpirationDate,customers.reports,GET,v1/{+customer}/reports:countChromeDevicesReachingAutoExpirationDate,READ_SAFE,https://www.googleapis.com/auth/chrome.management.reports.readonly,https://www.googleapis.com/auth/chrome.management.reports.readonly,Generate report of the number of devices expiring in each month of the selected time frame. Devices are grouped by auto update expiration date and model. Further information can be found [here](https://support.google.com/chrome/a/answer/10564947).
chromemanagement,v1,chromemanagement.customers.reports.countChromeDevicesThatNeedAttention,customers.reports,GET,v1/{+customer}/reports:countChromeDevicesThatNeedAttention,READ_SAFE,https://www.googleapis.com/auth/chrome.management.reports.readonly,https://www.googleapis.com/auth/chrome.management.reports.readonly,"Counts of ChromeOS devices that have not synced policies or have lacked user activity in the past 28 days, are out of date, or are not complaint. Further information can be found here https://support.google.com/chrome/a/answer/10564947"
chromemanagement,v1,chromemanagement.customers.reports.countChromeHardwareFleetDevices,customers.reports,GET,v1/{+customer}/reports:countChromeHardwareFleetDevices,READ_SAFE,https://www.googleapis.com/auth/chrome.management.reports.readonly,https://www.googleapis.com/auth/chrome.management.reports.readonly,"Counts of devices with a specific hardware specification from the requested hardware type (for example model name, processor type). Further information can be found here https://support.google.com/chrome/a/answer/10564947"
chromemanagement,v1,chromemanagement.customers.reports.countChromeProfileVersions,customers.reports,GET,v1/{+customer}/reports:countChromeProfileVersions,READ_SAFE,https://www.googleapis.com/auth/chrome.management.reports.readonly,https://www.googleapis.com/auth/chrome.management.reports.readonly,Generate report of installed Chrome versions on managed profiles.
chromemanagement,v1,chromemanagement.customers.reports.countChromeVersions,customers.reports,GET,v1/{+customer}/reports:countChromeVersions,READ_SAFE,https://www.googleapis.com/auth/chrome.management.reports.readonly,https://www.googleapis.com/auth/chrome.management.reports.readonly,Generate report of installed Chrome versions.
chromemanagement,v1,chromemanagement.customers.reports.countDevicesPerBootType,customers.reports,GET,v1/{+customer}/reports:countDevicesPerBootType,READ_SAFE,https://www.googleapis.com/auth/chrome.management.reports.readonly,https://www.googleapis.com/auth/chrome.management.reports.readonly,Get a count of devices per boot type.
chromemanagement,v1,chromemanagement.customers.reports.countDevicesPerReleaseChannel,customers.reports,GET,v1/{+customer}/reports:countDevicesPerReleaseChannel,READ_SAFE,https://www.googleapis.com/auth/chrome.management.reports.readonly,https://www.googleapis.com/auth/chrome.management.reports.readonly,Get a count of devices per channel.
chromemanagement,v1,chromemanagement.customers.reports.countInstalledApps,customers.reports,GET,v1/{+customer}/reports:countInstalledApps,READ_SAFE,https://www.googleapis.com/auth/chrome.management.reports.readonly,https://www.googleapis.com/auth/chrome.management.reports.readonly,Generate report of app installations.
chromemanagement,v1,chromemanagement.customers.reports.countPrintJobsByPrinter,customers.reports,GET,v1/{+customer}/reports:countPrintJobsByPrinter,READ_SAFE,https://www.googleapis.com/auth/chrome.management.reports.readonly,https://www.googleapis.com/auth/chrome.management.reports.readonly,Get a summary of printing done by each printer.
chromemanagement,v1,chromemanagement.customers.reports.countPrintJobsByUser,customers.reports,GET,v1/{+customer}/reports:countPrintJobsByUser,READ_SAFE,https://www.googleapis.com/auth/chrome.management.reports.readonly,https://www.googleapis.com/auth/chrome.management.reports.readonly,Get a summary of printing done by each user.
chromemanagement,v1,chromemanagement.customers.reports.enumeratePrintJobs,customers.reports,GET,v1/{+customer}/reports:enumeratePrintJobs,READ_SAFE,https://www.googleapis.com/auth/chrome.management.reports.readonly,https://www.googleapis.com/auth/chrome.management.reports.readonly,Get a list of print jobs.
chromemanagement,v1,chromemanagement.customers.reports.findInstalledAppDevices,customers.reports,GET,v1/{+customer}/reports:findInstalledAppDevices,READ_SAFE,https://www.googleapis.com/auth/chrome.management.reports.readonly,https://www.googleapis.com/auth/chrome.management.reports.readonly,Generate report of managed Chrome browser devices that have a specified app installed.
chromemanagement,v1,chromemanagement.customers.reports.findInstalledAppProfiles,customers.reports,GET,v1/{+customer}/reports:findInstalledAppProfiles,READ_SAFE,https://www.googleapis.com/auth/chrome.management.reports.readonly,https://www.googleapis.com/auth/chrome.management.reports.readonly,Generate report of managed Chrome profiles that have a specified app installed.
chromemanagement,v1,chromemanagement.customers.telemetry.devices.get,customers.telemetry.devices,GET,v1/{+name},READ_SAFE,https://www.googleapis.com/auth/chrome.management.telemetry.readonly,https://www.googleapis.com/auth/chrome.management.telemetry.readonly,Get telemetry device.
chromemanagement,v1,chromemanagement.customers.telemetry.devices.list,customers.telemetry.devices,GET,v1/{+parent}/telemetry/devices,READ_SAFE,https://www.googleapis.com/auth/chrome.management.telemetry.readonly,https://www.googleapis.com/auth/chrome.management.telemetry.readonly,List all telemetry devices.
chromemanagement,v1,chromemanagement.customers.telemetry.events.list,customers.telemetry.events,GET,v1/{+parent}/telemetry/events,READ_SAFE,https://www.googleapis.com/auth/chrome.management.telemetry.readonly,https://www.googleapis.com/auth/chrome.management.telemetry.readonly,List telemetry events.
chromemanagement,v1,chromemanagement.customers.telemetry.notificationConfigs.create,customers.telemetry.notificationConfigs,POST,v1/{+parent}/telemetry/notificationConfigs,MUTATING,https://www.googleapis.com/auth/chrome.management.telemetry.readonly,https://www.googleapis.com/auth/chrome.management.telemetry.readonly,Create a telemetry notification config.
chromemanagement,v1,chromemanagement.customers.telemetry.notificationConfigs.delete,customers.telemetry.notificationConfigs,DELETE,v1/{+name},MUTATING,https://www.googleapis.com/auth/chrome.management.telemetry.readonly,https://www.googleapis.com/auth/chrome.management.telemetry.readonly,Delete a telemetry notification config.
chromemanagement,v1,chromemanagement.customers.telemetry.notificationConfigs.list,customers.telemetry.notificationConfigs,GET,v1/{+parent}/telemetry/notificationConfigs,READ_SAFE,https://www.googleapis.com/auth/chrome.management.telemetry.readonly,https://www.googleapis.com/auth/chrome.management.telemetry.readonly,List all telemetry notification configs.
chromemanagement,v1,chromemanagement.customers.telemetry.users.get,customers.telemetry.users,GET,v1/{+name},READ_SAFE,https://www.googleapis.com/auth/chrome.management.telemetry.readonly,https://www.googleapis.com/auth/chrome.management.telemetry.readonly,Get telemetry user.
chromemanagement,v1,chromemanagement.customers.telemetry.users.list,customers.telemetry.users,GET,v1/{+parent}/telemetry/users,READ_SAFE,https://www.googleapis.com/auth/chrome.management.telemetry.readonly,https://www.googleapis.com/auth/chrome.management.telemetry.readonly,List all telemetry users.
chromemanagement,v1,chromemanagement.customers.thirdPartyProfileUsers.move,customers.thirdPartyProfileUsers,POST,v1/{+name}:move,MUTATING,https://www.googleapis.com/auth/chrome.management.profiles,,Moves a third party chrome profile user to a destination OU. All profiles associated to that user will be moved to the destination OU.
chromemanagement,v1,chromemanagement.operations.cancel,operations,POST,v1/{+name}:cancel,MUTATING,,,"Starts asynchronous cancellation on a long-running operation. The server makes a best effort to cancel the operation, but success is not guaranteed. If the server doesn't support this method, it returns `google.rpc.Code.UNIMPLEMENTED`. Clients can use Operations.GetOperation or other methods to chec"
chromemanagement,v1,chromemanagement.operations.delete,operations,DELETE,v1/{+name},MUTATING,,,"Deletes a long-running operation. This method indicates that the client is no longer interested in the operation result. It does not cancel the operation. If the server doesn't support this method, it returns `google.rpc.Code.UNIMPLEMENTED`."
chromemanagement,v1,chromemanagement.operations.list,operations,GET,v1/{+name},READ_NO_SCOPE,,,"Lists operations that match the specified filter in the request. If the server doesn't support this method, it returns `UNIMPLEMENTED`."
chromepolicy,v1,chromepolicy.customers.policies.groups.batchDelete,customers.policies.groups,POST,v1/{+customer}/policies/groups:batchDelete,MUTATING,https://www.googleapis.com/auth/chrome.management.policy,,"Delete multiple policy values that are applied to a specific group. All targets must have the same target format. That is to say that they must point to the same target resource and must have the same keys specified in `additionalTargetKeyNames`, though the values for those keys may be different. On"
chromepolicy,v1,chromepolicy.customers.policies.groups.batchModify,customers.policies.groups,POST,v1/{+customer}/policies/groups:batchModify,MUTATING,https://www.googleapis.com/auth/chrome.management.policy,,"Modify multiple policy values that are applied to a specific group. All targets must have the same target format. That is to say that they must point to the same target resource and must have the same keys specified in `additionalTargetKeyNames`, though the values for those keys may be different. On"
chromepolicy,v1,chromepolicy.customers.policies.groups.listGroupPriorityOrdering,customers.policies.groups,POST,v1/{+customer}/policies/groups:listGroupPriorityOrdering,MUTATING,https://www.googleapis.com/auth/chrome.management.policy https://www.googleapis.com/auth/chrome.management.policy.readonly,https://www.googleapis.com/auth/chrome.management.policy.readonly,Retrieve a group priority ordering for an app. The target app must be supplied in `additionalTargetKeyNames` in the PolicyTargetKey. On failure the request will return the error details as part of the google.rpc.Status.
chromepolicy,v1,chromepolicy.customers.policies.groups.updateGroupPriorityOrdering,customers.policies.groups,POST,v1/{+customer}/policies/groups:updateGroupPriorityOrdering,MUTATING,https://www.googleapis.com/auth/chrome.management.policy,,Update a group priority ordering for an app. The target app must be supplied in `additionalTargetKeyNames` in the PolicyTargetKey. On failure the request will return the error details as part of the google.rpc.Status.
chromepolicy,v1,chromepolicy.customers.policies.networks.defineCertificate,customers.policies.networks,POST,v1/{+customer}/policies/networks:defineCertificate,MUTATING,https://www.googleapis.com/auth/chrome.management.policy,,Creates a certificate at a specified OU for a customer.
chromepolicy,v1,chromepolicy.customers.policies.networks.defineNetwork,customers.policies.networks,POST,v1/{+customer}/policies/networks:defineNetwork,MUTATING,https://www.googleapis.com/auth/chrome.management.policy,,Define a new network.
chromepolicy,v1,chromepolicy.customers.policies.networks.removeCertificate,customers.policies.networks,POST,v1/{+customer}/policies/networks:removeCertificate,MUTATING,https://www.googleapis.com/auth/chrome.management.policy,,Remove an existing certificate by guid.
chromepolicy,v1,chromepolicy.customers.policies.networks.removeNetwork,customers.policies.networks,POST,v1/{+customer}/policies/networks:removeNetwork,MUTATING,https://www.googleapis.com/auth/chrome.management.policy,,Remove an existing network by guid.
chromepolicy,v1,chromepolicy.customers.policies.orgunits.batchInherit,customers.policies.orgunits,POST,v1/{+customer}/policies/orgunits:batchInherit,MUTATING,https://www.googleapis.com/auth/chrome.management.policy,,Modify multiple policy values that are applied to a specific org unit so that they now inherit the value from a parent (if applicable). All targets must have the same target format. That is to say that they must point to the same target resource and must have the same keys specified in `additionalTa
chromepolicy,v1,chromepolicy.customers.policies.orgunits.batchModify,customers.policies.orgunits,POST,v1/{+customer}/policies/orgunits:batchModify,MUTATING,https://www.googleapis.com/auth/chrome.management.policy,,"Modify multiple policy values that are applied to a specific org unit. All targets must have the same target format. That is to say that they must point to the same target resource and must have the same keys specified in `additionalTargetKeyNames`, though the values for those keys may be different."
chromepolicy,v1,chromepolicy.customers.policies.resolve,customers.policies,POST,v1/{+customer}/policies:resolve,MUTATING,https://www.googleapis.com/auth/chrome.management.policy https://www.googleapis.com/auth/chrome.management.policy.readonly,https://www.googleapis.com/auth/chrome.management.policy.readonly,Gets the resolved policy values for a list of policies that match a search query.
chromepolicy,v1,chromepolicy.customers.policySchemas.get,customers.policySchemas,GET,v1/{+name},READ_SAFE,https://www.googleapis.com/auth/chrome.management.policy https://www.googleapis.com/auth/chrome.management.policy.readonly,https://www.googleapis.com/auth/chrome.management.policy.readonly,Get a specific policy schema for a customer by its resource name.
chromepolicy,v1,chromepolicy.customers.policySchemas.list,customers.policySchemas,GET,v1/{+parent}/policySchemas,READ_SAFE,https://www.googleapis.com/auth/chrome.management.policy https://www.googleapis.com/auth/chrome.management.policy.readonly,https://www.googleapis.com/auth/chrome.management.policy.readonly,Gets a list of policy schemas that match a specified filter value for a given customer.
chromepolicy,v1,chromepolicy.media.upload,media,POST,v1/{+customer}/policies/files:uploadPolicyFile,MUTATING,https://www.googleapis.com/auth/chrome.management.policy,,Creates an enterprise file from the content provided by user. Returns a public download url for end user.
cloudidentity,v1,cloudidentity.allowlistedDomains.create,allowlistedDomains,POST,v1/allowlistedDomains,MUTATING,https://www.googleapis.com/auth/cloud-identity.allowlisteddomains,,Adds a domain to the allowlist.
cloudidentity,v1,cloudidentity.allowlistedDomains.delete,allowlistedDomains,DELETE,v1/{+name},MUTATING,https://www.googleapis.com/auth/cloud-identity.allowlisteddomains,,Removes a domain from the allowlist.
cloudidentity,v1,cloudidentity.allowlistedDomains.get,allowlistedDomains,GET,v1/{+name},READ_SAFE,https://www.googleapis.com/auth/cloud-identity.allowlisteddomains https://www.googleapis.com/auth/cloud-identity.allowlisteddomains.readonly,https://www.googleapis.com/auth/cloud-identity.allowlisteddomains.readonly,Retrieves a specific domain from the allowlist.
cloudidentity,v1,cloudidentity.allowlistedDomains.list,allowlistedDomains,GET,v1/allowlistedDomains,READ_SAFE,https://www.googleapis.com/auth/cloud-identity.allowlisteddomains https://www.googleapis.com/auth/cloud-identity.allowlisteddomains.readonly,https://www.googleapis.com/auth/cloud-identity.allowlisteddomains.readonly,Lists the domains in the allowlist.
cloudidentity,v1,cloudidentity.customers.userinvitations.cancel,customers.userinvitations,POST,v1/{+name}:cancel,MUTATING,,,Cancels a UserInvitation that was already sent.
cloudidentity,v1,cloudidentity.customers.userinvitations.get,customers.userinvitations,GET,v1/{+name},READ_NO_SCOPE,,,Retrieves a UserInvitation resource. **Note:** New consumer accounts with the customer's verified domain created within the previous 48 hours will not appear in the result. This delay also applies to newly-verified domains.
cloudidentity,v1,cloudidentity.customers.userinvitations.isInvitableUser,customers.userinvitations,GET,v1/{+name}:isInvitableUser,READ_NO_SCOPE,,,"Verifies whether a user account is eligible to receive a UserInvitation (is an unmanaged account). Eligibility is based on the following criteria: * the email address is a consumer account and it's the primary email address of the account, and * the domain of the email address matches an existing ve"
cloudidentity,v1,cloudidentity.customers.userinvitations.list,customers.userinvitations,GET,v1/{+parent}/userinvitations,READ_NO_SCOPE,,,Retrieves a list of UserInvitation resources. **Note:** New consumer accounts with the customer's verified domain created within the previous 48 hours will not appear in the result. This delay also applies to newly-verified domains.
cloudidentity,v1,cloudidentity.customers.userinvitations.send,customers.userinvitations,POST,v1/{+name}:send,MUTATING,,,"Sends a UserInvitation to email. If the `UserInvitation` does not exist for this request and it is a valid request, the request creates a `UserInvitation`. **Note:** The `get` and `list` methods have a 48-hour delay where newly-created consumer accounts will not appear in the results. You can still "
cloudidentity,v1,cloudidentity.devices.cancelWipe,devices,POST,v1/{+name}:cancelWipe,MUTATING,https://www.googleapis.com/auth/cloud-identity.devices,,"Cancels an unfinished device wipe. This operation can be used to cancel device wipe in the gap between the wipe operation returning success and the device being wiped. This operation is possible when the device is in a ""pending wipe"" state. The device enters the ""pending wipe"" state when a wipe devi"
cloudidentity,v1,cloudidentity.devices.create,devices,POST,v1/devices,MUTATING,https://www.googleapis.com/auth/cloud-identity.devices,,"Creates a device. Only company-owned device may be created. **Note**: This method is available only to customers who have one of the following SKUs: Enterprise Standard, Enterprise Plus, Enterprise for Education, and Cloud Identity Premium"
cloudidentity,v1,cloudidentity.devices.delete,devices,DELETE,v1/{+name},MUTATING,https://www.googleapis.com/auth/cloud-identity.devices,,Deletes the specified device.
cloudidentity,v1,cloudidentity.devices.deviceUsers.approve,devices.deviceUsers,POST,v1/{+name}:approve,MUTATING,https://www.googleapis.com/auth/cloud-identity.devices,,Approves device to access user data.
cloudidentity,v1,cloudidentity.devices.deviceUsers.block,devices.deviceUsers,POST,v1/{+name}:block,MUTATING,https://www.googleapis.com/auth/cloud-identity.devices,,Blocks device from accessing user data
cloudidentity,v1,cloudidentity.devices.deviceUsers.cancelWipe,devices.deviceUsers,POST,v1/{+name}:cancelWipe,MUTATING,https://www.googleapis.com/auth/cloud-identity.devices,,Cancels an unfinished user account wipe. This operation can be used to cancel device wipe in the gap between the wipe operation returning success and the device being wiped.
cloudidentity,v1,cloudidentity.devices.deviceUsers.clientStates.get,devices.deviceUsers.clientStates,GET,v1/{+name},READ_SAFE,https://www.googleapis.com/auth/cloud-identity.devices https://www.googleapis.com/auth/cloud-identity.devices.readonly,https://www.googleapis.com/auth/cloud-identity.devices.readonly,Gets the client state for the device user
cloudidentity,v1,cloudidentity.devices.deviceUsers.clientStates.list,devices.deviceUsers.clientStates,GET,v1/{+parent}/clientStates,READ_SAFE,https://www.googleapis.com/auth/cloud-identity.devices https://www.googleapis.com/auth/cloud-identity.devices.readonly,https://www.googleapis.com/auth/cloud-identity.devices.readonly,Lists the client states for the given search query.
cloudidentity,v1,cloudidentity.devices.deviceUsers.clientStates.patch,devices.deviceUsers.clientStates,PATCH,v1/{+name},MUTATING,https://www.googleapis.com/auth/cloud-identity.devices,,"Updates the client state for the device user **Note**: This method is available only to customers who have one of the following SKUs: Enterprise Standard, Enterprise Plus, Enterprise for Education, and Cloud Identity Premium"
cloudidentity,v1,cloudidentity.devices.deviceUsers.delete,devices.deviceUsers,DELETE,v1/{+name},MUTATING,https://www.googleapis.com/auth/cloud-identity.devices,,Deletes the specified DeviceUser. This also revokes the user's access to device data.
cloudidentity,v1,cloudidentity.devices.deviceUsers.get,devices.deviceUsers,GET,v1/{+name},READ_SAFE,https://www.googleapis.com/auth/cloud-identity.devices https://www.googleapis.com/auth/cloud-identity.devices.readonly,https://www.googleapis.com/auth/cloud-identity.devices.readonly,Retrieves the specified DeviceUser
cloudidentity,v1,cloudidentity.devices.deviceUsers.list,devices.deviceUsers,GET,v1/{+parent}/deviceUsers,READ_SAFE,https://www.googleapis.com/auth/cloud-identity.devices https://www.googleapis.com/auth/cloud-identity.devices.readonly,https://www.googleapis.com/auth/cloud-identity.devices.readonly,Lists/Searches DeviceUsers.
cloudidentity,v1,cloudidentity.devices.deviceUsers.lookup,devices.deviceUsers,GET,v1/{+parent}:lookup,READ_NEEDS_RW,https://www.googleapis.com/auth/cloud-identity.devices.lookup,,"Looks up resource names of the DeviceUsers associated with the caller's credentials, as well as the properties provided in the request. This method must be called with end-user credentials with the scope: https://www.googleapis.com/auth/cloud-identity.devices.lookup If multiple properties are provid"
cloudidentity,v1,cloudidentity.devices.deviceUsers.wipe,devices.deviceUsers,POST,v1/{+name}:wipe,MUTATING,https://www.googleapis.com/auth/cloud-identity.devices,,"Wipes the user's account on a device. Other data on the device that is not associated with the user's work account is not affected. For example, if a Gmail app is installed on a device that is used for personal and work purposes, and the user is logged in to the Gmail app with their personal account"
cloudidentity,v1,cloudidentity.devices.get,devices,GET,v1/{+name},READ_SAFE,https://www.googleapis.com/auth/cloud-identity.devices https://www.googleapis.com/auth/cloud-identity.devices.readonly,https://www.googleapis.com/auth/cloud-identity.devices.readonly,Retrieves the specified device.
cloudidentity,v1,cloudidentity.devices.list,devices,GET,v1/devices,READ_SAFE,https://www.googleapis.com/auth/cloud-identity.devices https://www.googleapis.com/auth/cloud-identity.devices.readonly,https://www.googleapis.com/auth/cloud-identity.devices.readonly,Lists/Searches devices.
cloudidentity,v1,cloudidentity.devices.wipe,devices,POST,v1/{+name}:wipe,MUTATING,https://www.googleapis.com/auth/cloud-identity.devices,,Wipes all data on the specified device.
cloudidentity,v1,cloudidentity.groups.create,groups,POST,v1/groups,MUTATING,https://www.googleapis.com/auth/cloud-identity.groups https://www.googleapis.com/auth/cloud-platform,,Creates a Group.
cloudidentity,v1,cloudidentity.groups.delete,groups,DELETE,v1/{+name},MUTATING,https://www.googleapis.com/auth/cloud-identity.groups https://www.googleapis.com/auth/cloud-platform,,Deletes a `Group`.
cloudidentity,v1,cloudidentity.groups.get,groups,GET,v1/{+name},READ_SAFE,https://www.googleapis.com/auth/cloud-identity.groups https://www.googleapis.com/auth/cloud-identity.groups.readonly https://www.googleapis.com/auth/cloud-platform,https://www.googleapis.com/auth/cloud-identity.groups.readonly,Retrieves a `Group`.
cloudidentity,v1,cloudidentity.groups.getSecuritySettings,groups,GET,v1/{+name},READ_SAFE,https://www.googleapis.com/auth/cloud-identity.groups https://www.googleapis.com/auth/cloud-identity.groups.readonly https://www.googleapis.com/auth/cloud-platform,https://www.googleapis.com/auth/cloud-identity.groups.readonly,Get Security Settings
cloudidentity,v1,cloudidentity.groups.list,groups,GET,v1/groups,READ_SAFE,https://www.googleapis.com/auth/cloud-identity.groups https://www.googleapis.com/auth/cloud-identity.groups.readonly https://www.googleapis.com/auth/cloud-platform,https://www.googleapis.com/auth/cloud-identity.groups.readonly,Lists the `Group` resources under a customer or namespace.
cloudidentity,v1,cloudidentity.groups.lookup,groups,GET,v1/groups:lookup,READ_SAFE,https://www.googleapis.com/auth/cloud-identity.groups https://www.googleapis.com/auth/cloud-identity.groups.readonly https://www.googleapis.com/auth/cloud-platform,https://www.googleapis.com/auth/cloud-identity.groups.readonly,Looks up the [resource name](https://cloud.google.com/apis/design/resource_names) of a `Group` by its `EntityKey`.
cloudidentity,v1,cloudidentity.groups.memberships.checkTransitiveMembership,groups.memberships,GET,v1/{+parent}/memberships:checkTransitiveMembership,READ_SAFE,https://www.googleapis.com/auth/cloud-identity.groups https://www.googleapis.com/auth/cloud-identity.groups.readonly https://www.googleapis.com/auth/cloud-platform,https://www.googleapis.com/auth/cloud-identity.groups.readonly,"Check a potential member for membership in a group. **Note:** This feature is only available to Google Workspace Enterprise Standard, Enterprise Plus, and Enterprise for Education; and Cloud Identity Premium accounts. If the account of the member is not one of these, a 403 (PERMISSION_DENIED) HTTP s"
cloudidentity,v1,cloudidentity.groups.memberships.create,groups.memberships,POST,v1/{+parent}/memberships,MUTATING,https://www.googleapis.com/auth/cloud-identity.groups https://www.googleapis.com/auth/cloud-platform,,Creates a `Membership`.
cloudidentity,v1,cloudidentity.groups.memberships.delete,groups.memberships,DELETE,v1/{+name},MUTATING,https://www.googleapis.com/auth/cloud-identity.groups https://www.googleapis.com/auth/cloud-platform,,Deletes a `Membership`.
cloudidentity,v1,cloudidentity.groups.memberships.get,groups.memberships,GET,v1/{+name},READ_SAFE,https://www.googleapis.com/auth/cloud-identity.groups https://www.googleapis.com/auth/cloud-identity.groups.readonly https://www.googleapis.com/auth/cloud-platform,https://www.googleapis.com/auth/cloud-identity.groups.readonly,Retrieves a `Membership`.
cloudidentity,v1,cloudidentity.groups.memberships.getMembershipGraph,groups.memberships,GET,v1/{+parent}/memberships:getMembershipGraph,READ_SAFE,https://www.googleapis.com/auth/cloud-identity.groups https://www.googleapis.com/auth/cloud-identity.groups.readonly https://www.googleapis.com/auth/cloud-platform,https://www.googleapis.com/auth/cloud-identity.groups.readonly,"Get a membership graph of just a member or both a member and a group. **Note:** This feature is only available to Google Workspace Enterprise Standard, Enterprise Plus, and Enterprise for Education; and Cloud Identity Premium accounts. If the account of the member is not one of these, a 403 (PERMISS"
cloudidentity,v1,cloudidentity.groups.memberships.list,groups.memberships,GET,v1/{+parent}/memberships,READ_SAFE,https://www.googleapis.com/auth/cloud-identity.groups https://www.googleapis.com/auth/cloud-identity.groups.readonly https://www.googleapis.com/auth/cloud-platform,https://www.googleapis.com/auth/cloud-identity.groups.readonly,Lists the `Membership`s within a `Group`.
cloudidentity,v1,cloudidentity.groups.memberships.lookup,groups.memberships,GET,v1/{+parent}/memberships:lookup,READ_SAFE,https://www.googleapis.com/auth/cloud-identity.groups https://www.googleapis.com/auth/cloud-identity.groups.readonly https://www.googleapis.com/auth/cloud-platform,https://www.googleapis.com/auth/cloud-identity.groups.readonly,Looks up the [resource name](https://cloud.google.com/apis/design/resource_names) of a `Membership` by its `EntityKey`.
cloudidentity,v1,cloudidentity.groups.memberships.modifyMembershipRoles,groups.memberships,POST,v1/{+name}:modifyMembershipRoles,MUTATING,https://www.googleapis.com/auth/cloud-identity.groups https://www.googleapis.com/auth/cloud-platform,,Modifies the `MembershipRole`s of a `Membership`.
cloudidentity,v1,cloudidentity.groups.memberships.searchDirectGroups,groups.memberships,GET,v1/{+parent}/memberships:searchDirectGroups,READ_SAFE,https://www.googleapis.com/auth/cloud-identity.groups https://www.googleapis.com/auth/cloud-identity.groups.readonly https://www.googleapis.com/auth/cloud-platform,https://www.googleapis.com/auth/cloud-identity.groups.readonly,Searches direct groups of a member. Groups for which the actor does not have the permission to view memberships are silently filtered out.
cloudidentity,v1,cloudidentity.groups.memberships.searchTransitiveGroups,groups.memberships,GET,v1/{+parent}/memberships:searchTransitiveGroups,READ_SAFE,https://www.googleapis.com/auth/cloud-identity.groups https://www.googleapis.com/auth/cloud-identity.groups.readonly https://www.googleapis.com/auth/cloud-platform,https://www.googleapis.com/auth/cloud-identity.groups.readonly,"Search transitive groups of a member. **Note:** This feature is only available to Google Workspace Enterprise Standard, Enterprise Plus, and Enterprise for Education; and Cloud Identity Premium accounts. If the account of the member is not one of these, a 403 (PERMISSION_DENIED) HTTP status code wil"
cloudidentity,v1,cloudidentity.groups.memberships.searchTransitiveMemberships,groups.memberships,GET,v1/{+parent}/memberships:searchTransitiveMemberships,READ_SAFE,https://www.googleapis.com/auth/cloud-identity.groups https://www.googleapis.com/auth/cloud-identity.groups.readonly https://www.googleapis.com/auth/cloud-platform,https://www.googleapis.com/auth/cloud-identity.groups.readonly,"Search transitive memberships of a group. **Note:** This feature is only available to Google Workspace Enterprise Standard, Enterprise Plus, and Enterprise for Education; and Cloud Identity Premium accounts. If the account of the group is not one of these, a 403 (PERMISSION_DENIED) HTTP status code "
cloudidentity,v1,cloudidentity.groups.patch,groups,PATCH,v1/{+name},MUTATING,https://www.googleapis.com/auth/cloud-identity.groups https://www.googleapis.com/auth/cloud-platform,,Updates a `Group`.
cloudidentity,v1,cloudidentity.groups.search,groups,GET,v1/groups:search,READ_SAFE,https://www.googleapis.com/auth/cloud-identity.groups https://www.googleapis.com/auth/cloud-identity.groups.readonly https://www.googleapis.com/auth/cloud-platform,https://www.googleapis.com/auth/cloud-identity.groups.readonly,Searches for `Group` resources matching a specified query.
cloudidentity,v1,cloudidentity.groups.updateSecuritySettings,groups,PATCH,v1/{+name},MUTATING,https://www.googleapis.com/auth/cloud-identity.groups https://www.googleapis.com/auth/cloud-platform,,Update Security Settings
cloudidentity,v1,cloudidentity.inboundOidcSsoProfiles.create,inboundOidcSsoProfiles,POST,v1/inboundOidcSsoProfiles,MUTATING,https://www.googleapis.com/auth/cloud-identity.inboundsso https://www.googleapis.com/auth/cloud-platform,,"Creates an InboundOidcSsoProfile for a customer. When the target customer has enabled [Multi-party approval for sensitive actions](https://support.google.com/a/answer/13790448), the `Operation` in the response will have `""done"": false`, it will not have a response, and the metadata will have `""state"
cloudidentity,v1,cloudidentity.inboundOidcSsoProfiles.delete,inboundOidcSsoProfiles,DELETE,v1/{+name},MUTATING,https://www.googleapis.com/auth/cloud-identity.inboundsso https://www.googleapis.com/auth/cloud-platform,,Deletes an InboundOidcSsoProfile.
cloudidentity,v1,cloudidentity.inboundOidcSsoProfiles.get,inboundOidcSsoProfiles,GET,v1/{+name},READ_SAFE,https://www.googleapis.com/auth/cloud-identity.inboundsso https://www.googleapis.com/auth/cloud-identity.inboundsso.readonly https://www.googleapis.com/auth/cloud-platform,https://www.googleapis.com/auth/cloud-identity.inboundsso.readonly,Gets an InboundOidcSsoProfile.
cloudidentity,v1,cloudidentity.inboundOidcSsoProfiles.list,inboundOidcSsoProfiles,GET,v1/inboundOidcSsoProfiles,READ_SAFE,https://www.googleapis.com/auth/cloud-identity.inboundsso https://www.googleapis.com/auth/cloud-identity.inboundsso.readonly https://www.googleapis.com/auth/cloud-platform,https://www.googleapis.com/auth/cloud-identity.inboundsso.readonly,Lists InboundOidcSsoProfile objects for a Google enterprise customer.
cloudidentity,v1,cloudidentity.inboundOidcSsoProfiles.patch,inboundOidcSsoProfiles,PATCH,v1/{+name},MUTATING,https://www.googleapis.com/auth/cloud-identity.inboundsso https://www.googleapis.com/auth/cloud-platform,,"Updates an InboundOidcSsoProfile. When the target customer has enabled [Multi-party approval for sensitive actions](https://support.google.com/a/answer/13790448), the `Operation` in the response will have `""done"": false`, it will not have a response, and the metadata will have `""state"": ""awaiting-mu"
cloudidentity,v1,cloudidentity.inboundSamlSsoProfiles.create,inboundSamlSsoProfiles,POST,v1/inboundSamlSsoProfiles,MUTATING,https://www.googleapis.com/auth/cloud-identity.inboundsso https://www.googleapis.com/auth/cloud-platform,,"Creates an InboundSamlSsoProfile for a customer. When the target customer has enabled [Multi-party approval for sensitive actions](https://support.google.com/a/answer/13790448), the `Operation` in the response will have `""done"": false`, it will not have a response, and the metadata will have `""state"
cloudidentity,v1,cloudidentity.inboundSamlSsoProfiles.delete,inboundSamlSsoProfiles,DELETE,v1/{+name},MUTATING,https://www.googleapis.com/auth/cloud-identity.inboundsso https://www.googleapis.com/auth/cloud-platform,,Deletes an InboundSamlSsoProfile.
cloudidentity,v1,cloudidentity.inboundSamlSsoProfiles.get,inboundSamlSsoProfiles,GET,v1/{+name},READ_SAFE,https://www.googleapis.com/auth/cloud-identity.inboundsso https://www.googleapis.com/auth/cloud-identity.inboundsso.readonly https://www.googleapis.com/auth/cloud-platform,https://www.googleapis.com/auth/cloud-identity.inboundsso.readonly,Gets an InboundSamlSsoProfile.
cloudidentity,v1,cloudidentity.inboundSamlSsoProfiles.idpCredentials.add,inboundSamlSsoProfiles.idpCredentials,POST,v1/{+parent}/idpCredentials:add,MUTATING,https://www.googleapis.com/auth/cloud-identity.inboundsso https://www.googleapis.com/auth/cloud-platform,,"Adds an IdpCredential. Up to 2 credentials are allowed. When the target customer has enabled [Multi-party approval for sensitive actions](https://support.google.com/a/answer/13790448), the `Operation` in the response will have `""done"": false`, it will not have a response, and the metadata will have "
cloudidentity,v1,cloudidentity.inboundSamlSsoProfiles.idpCredentials.delete,inboundSamlSsoProfiles.idpCredentials,DELETE,v1/{+name},MUTATING,https://www.googleapis.com/auth/cloud-identity.inboundsso https://www.googleapis.com/auth/cloud-platform,,Deletes an IdpCredential.
cloudidentity,v1,cloudidentity.inboundSamlSsoProfiles.idpCredentials.get,inboundSamlSsoProfiles.idpCredentials,GET,v1/{+name},READ_SAFE,https://www.googleapis.com/auth/cloud-identity.inboundsso https://www.googleapis.com/auth/cloud-identity.inboundsso.readonly https://www.googleapis.com/auth/cloud-platform,https://www.googleapis.com/auth/cloud-identity.inboundsso.readonly,Gets an IdpCredential.
cloudidentity,v1,cloudidentity.inboundSamlSsoProfiles.idpCredentials.list,inboundSamlSsoProfiles.idpCredentials,GET,v1/{+parent}/idpCredentials,READ_SAFE,https://www.googleapis.com/auth/cloud-identity.inboundsso https://www.googleapis.com/auth/cloud-identity.inboundsso.readonly https://www.googleapis.com/auth/cloud-platform,https://www.googleapis.com/auth/cloud-identity.inboundsso.readonly,Returns a list of IdpCredentials in an InboundSamlSsoProfile.
cloudidentity,v1,cloudidentity.inboundSamlSsoProfiles.list,inboundSamlSsoProfiles,GET,v1/inboundSamlSsoProfiles,READ_SAFE,https://www.googleapis.com/auth/cloud-identity.inboundsso https://www.googleapis.com/auth/cloud-identity.inboundsso.readonly https://www.googleapis.com/auth/cloud-platform,https://www.googleapis.com/auth/cloud-identity.inboundsso.readonly,Lists InboundSamlSsoProfiles for a customer.
cloudidentity,v1,cloudidentity.inboundSamlSsoProfiles.patch,inboundSamlSsoProfiles,PATCH,v1/{+name},MUTATING,https://www.googleapis.com/auth/cloud-identity.inboundsso https://www.googleapis.com/auth/cloud-platform,,"Updates an InboundSamlSsoProfile. When the target customer has enabled [Multi-party approval for sensitive actions](https://support.google.com/a/answer/13790448), the `Operation` in the response will have `""done"": false`, it will not have a response, and the metadata will have `""state"": ""awaiting-mu"
cloudidentity,v1,cloudidentity.inboundSsoAssignments.create,inboundSsoAssignments,POST,v1/inboundSsoAssignments,MUTATING,https://www.googleapis.com/auth/cloud-identity.inboundsso https://www.googleapis.com/auth/cloud-platform,,Creates an InboundSsoAssignment for users and devices in a `Customer` under a given `Group` or `OrgUnit`.
cloudidentity,v1,cloudidentity.inboundSsoAssignments.delete,inboundSsoAssignments,DELETE,v1/{+name},MUTATING,https://www.googleapis.com/auth/cloud-identity.inboundsso https://www.googleapis.com/auth/cloud-platform,,"Deletes an InboundSsoAssignment. To disable SSO, Create (or Update) an assignment that has `sso_mode` == `SSO_OFF`."
cloudidentity,v1,cloudidentity.inboundSsoAssignments.get,inboundSsoAssignments,GET,v1/{+name},READ_SAFE,https://www.googleapis.com/auth/cloud-identity.inboundsso https://www.googleapis.com/auth/cloud-identity.inboundsso.readonly https://www.googleapis.com/auth/cloud-platform,https://www.googleapis.com/auth/cloud-identity.inboundsso.readonly,Gets an InboundSsoAssignment.
cloudidentity,v1,cloudidentity.inboundSsoAssignments.list,inboundSsoAssignments,GET,v1/inboundSsoAssignments,READ_SAFE,https://www.googleapis.com/auth/cloud-identity.inboundsso https://www.googleapis.com/auth/cloud-identity.inboundsso.readonly https://www.googleapis.com/auth/cloud-platform,https://www.googleapis.com/auth/cloud-identity.inboundsso.readonly,Lists the InboundSsoAssignments for a `Customer`.
cloudidentity,v1,cloudidentity.inboundSsoAssignments.patch,inboundSsoAssignments,PATCH,v1/{+name},MUTATING,https://www.googleapis.com/auth/cloud-identity.inboundsso https://www.googleapis.com/auth/cloud-platform,,"Updates an InboundSsoAssignment. The body of this request is the `inbound_sso_assignment` field and the `update_mask` is relative to that. For example: a PATCH to `/v1/inboundSsoAssignments/0abcdefg1234567&update_mask=rank` with a body of `{ ""rank"": 1 }` moves that (presumably group-targeted) SSO as"
cloudidentity,v1,cloudidentity.policies.create,policies,POST,v1/policies,MUTATING,https://www.googleapis.com/auth/cloud-identity.policies,,Create a policy.
cloudidentity,v1,cloudidentity.policies.delete,policies,DELETE,v1/{+name},MUTATING,https://www.googleapis.com/auth/cloud-identity.policies,,Delete a policy.
cloudidentity,v1,cloudidentity.policies.get,policies,GET,v1/{+name},READ_SAFE,https://www.googleapis.com/auth/cloud-identity.policies https://www.googleapis.com/auth/cloud-identity.policies.readonly,https://www.googleapis.com/auth/cloud-identity.policies.readonly,Get a policy.
cloudidentity,v1,cloudidentity.policies.list,policies,GET,v1/policies,READ_SAFE,https://www.googleapis.com/auth/cloud-identity.policies https://www.googleapis.com/auth/cloud-identity.policies.readonly,https://www.googleapis.com/auth/cloud-identity.policies.readonly,List policies.
cloudidentity,v1,cloudidentity.policies.patch,policies,PATCH,v1/{+name},MUTATING,https://www.googleapis.com/auth/cloud-identity.policies,,Update a policy.
cloudsearch,v1,cloudsearch.debug.datasources.items.checkAccess,debug.datasources.items,POST,v1/debug/{+name}:checkAccess,MUTATING,https://www.googleapis.com/auth/cloud_search https://www.googleapis.com/auth/cloud_search.debug,,Checks whether an item is accessible by specified principal. Principal must be a user; groups and domain values aren't supported. **Note:** This API requires an admin account to execute.
cloudsearch,v1,cloudsearch.debug.datasources.items.searchByViewUrl,debug.datasources.items,POST,v1/debug/{+name}/items:searchByViewUrl,MUTATING,https://www.googleapis.com/auth/cloud_search https://www.googleapis.com/auth/cloud_search.debug,,Fetches the item whose viewUrl exactly matches that of the URL provided in the request. **Note:** This API requires an admin account to execute.
cloudsearch,v1,cloudsearch.debug.datasources.items.unmappedids.list,debug.datasources.items.unmappedids,GET,v1/debug/{+parent}/unmappedids,READ_NEEDS_RW,https://www.googleapis.com/auth/cloud_search https://www.googleapis.com/auth/cloud_search.debug,,List all unmapped identities for a specific item. **Note:** This API requires an admin account to execute.
cloudsearch,v1,cloudsearch.debug.identitysources.items.listForunmappedidentity,debug.identitysources.items,GET,v1/debug/{+parent}/items:forunmappedidentity,READ_NEEDS_RW,https://www.googleapis.com/auth/cloud_search https://www.googleapis.com/auth/cloud_search.debug,,Lists names of items associated with an unmapped identity. **Note:** This API requires an admin account to execute.
cloudsearch,v1,cloudsearch.debug.identitysources.unmappedids.list,debug.identitysources.unmappedids,GET,v1/debug/{+parent}/unmappedids,READ_NEEDS_RW,https://www.googleapis.com/auth/cloud_search https://www.googleapis.com/auth/cloud_search.debug,,Lists unmapped user identities for an identity source. **Note:** This API requires an admin account to execute.
cloudsearch,v1,cloudsearch.indexing.datasources.deleteSchema,indexing.datasources,DELETE,v1/indexing/{+name}/schema,MUTATING,https://www.googleapis.com/auth/cloud_search https://www.googleapis.com/auth/cloud_search.settings https://www.googleapis.com/auth/cloud_search.settings.indexing,,Deletes the schema of a data source. **Note:** This API requires an admin or service account to execute.
cloudsearch,v1,cloudsearch.indexing.datasources.getSchema,indexing.datasources,GET,v1/indexing/{+name}/schema,READ_NEEDS_RW,https://www.googleapis.com/auth/cloud_search https://www.googleapis.com/auth/cloud_search.settings https://www.googleapis.com/auth/cloud_search.settings.indexing,,Gets the schema of a data source. **Note:** This API requires an admin or service account to execute.
cloudsearch,v1,cloudsearch.indexing.datasources.items.delete,indexing.datasources.items,DELETE,v1/indexing/{+name},MUTATING,https://www.googleapis.com/auth/cloud_search https://www.googleapis.com/auth/cloud_search.indexing,,Deletes Item resource for the specified resource name. This API requires an admin or service account to execute. The service account used is the one whitelisted in the corresponding data source.
cloudsearch,v1,cloudsearch.indexing.datasources.items.deleteQueueItems,indexing.datasources.items,POST,v1/indexing/{+name}/items:deleteQueueItems,MUTATING,https://www.googleapis.com/auth/cloud_search https://www.googleapis.com/auth/cloud_search.indexing,,Deletes all items in a queue. This method is useful for deleting stale items. This API requires an admin or service account to execute. The service account used is the one whitelisted in the corresponding data source.
cloudsearch,v1,cloudsearch.indexing.datasources.items.get,indexing.datasources.items,GET,v1/indexing/{+name},READ_NEEDS_RW,https://www.googleapis.com/auth/cloud_search https://www.googleapis.com/auth/cloud_search.indexing,,Gets Item resource by item name. This API requires an admin or service account to execute. The service account used is the one whitelisted in the corresponding data source.
cloudsearch,v1,cloudsearch.indexing.datasources.items.index,indexing.datasources.items,POST,v1/indexing/{+name}:index,MUTATING,https://www.googleapis.com/auth/cloud_search https://www.googleapis.com/auth/cloud_search.indexing,,"Updates Item ACL, metadata, and content. It will insert the Item if it does not exist. This method does not support partial updates. Fields with no provided values are cleared out in the Cloud Search index. This API requires an admin or service account to execute. The service account used is the one"
cloudsearch,v1,cloudsearch.indexing.datasources.items.list,indexing.datasources.items,GET,v1/indexing/{+name}/items,READ_NEEDS_RW,https://www.googleapis.com/auth/cloud_search https://www.googleapis.com/auth/cloud_search.indexing,,Lists all or a subset of Item resources. This API requires an admin or service account to execute. The service account used is the one whitelisted in the corresponding data source.
cloudsearch,v1,cloudsearch.indexing.datasources.items.poll,indexing.datasources.items,POST,v1/indexing/{+name}/items:poll,MUTATING,https://www.googleapis.com/auth/cloud_search https://www.googleapis.com/auth/cloud_search.indexing,,"Polls for unreserved items from the indexing queue and marks a set as reserved, starting with items that have the oldest timestamp from the highest priority ItemStatus. The priority order is as follows: ERROR MODIFIED NEW_ITEM ACCEPTED Reserving items ensures that polling from other threads cannot c"
cloudsearch,v1,cloudsearch.indexing.datasources.items.push,indexing.datasources.items,POST,v1/indexing/{+name}:push,MUTATING,https://www.googleapis.com/auth/cloud_search https://www.googleapis.com/auth/cloud_search.indexing,,Pushes an item onto a queue for later polling and updating. This API requires an admin or service account to execute. The service account used is the one whitelisted in the corresponding data source.
cloudsearch,v1,cloudsearch.indexing.datasources.items.unreserve,indexing.datasources.items,POST,v1/indexing/{+name}/items:unreserve,MUTATING,https://www.googleapis.com/auth/cloud_search https://www.googleapis.com/auth/cloud_search.indexing,,"Unreserves all items from a queue, making them all eligible to be polled. This method is useful for resetting the indexing queue after a connector has been restarted. This API requires an admin or service account to execute. The service account used is the one whitelisted in the corresponding data s"
cloudsearch,v1,cloudsearch.indexing.datasources.items.upload,indexing.datasources.items,POST,v1/indexing/{+name}:upload,MUTATING,https://www.googleapis.com/auth/cloud_search https://www.googleapis.com/auth/cloud_search.indexing,,"Creates an upload session for uploading item content. For items smaller than 100 KB, it's easier to embed the content inline within an index request. This API requires an admin or service account to execute. The service account used is the one whitelisted in the corresponding data source."
cloudsearch,v1,cloudsearch.indexing.datasources.updateSchema,indexing.datasources,PUT,v1/indexing/{+name}/schema,MUTATING,https://www.googleapis.com/auth/cloud_search https://www.googleapis.com/auth/cloud_search.settings https://www.googleapis.com/auth/cloud_search.settings.indexing,,"Updates the schema of a data source. This method does not perform incremental updates to the schema. Instead, this method updates the schema by overwriting the entire schema. **Note:** This API requires an admin or service account to execute."
cloudsearch,v1,cloudsearch.initializeCustomer,v1,POST,v1:initializeCustomer,MUTATING,https://www.googleapis.com/auth/cloud_search https://www.googleapis.com/auth/cloud_search.settings https://www.googleapis.com/auth/cloud_search.settings.indexing,,Enables `third party` support in Google Cloud Search. **Note:** This API requires an admin account to execute.
cloudsearch,v1,cloudsearch.media.upload,media,POST,v1/media/{+resourceName},MUTATING,https://www.googleapis.com/auth/cloud_search https://www.googleapis.com/auth/cloud_search.indexing,,Uploads media for indexing. The upload endpoint supports direct and resumable upload protocols and is intended for large items that can not be [inlined during index requests](https://developers.google.com/workspace/cloud-search/docs/reference/rest/v1/indexing.datasources.items#itemcontent). To index
cloudsearch,v1,cloudsearch.operations.get,operations,GET,v1/{+name},READ_NEEDS_RW,https://www.googleapis.com/auth/cloud_search https://www.googleapis.com/auth/cloud_search.debug https://www.googleapis.com/auth/cloud_search.indexing https://www.googleapis.com/auth/cloud_search.settings https://www.googleapis.com/auth/cloud_search.settings.indexing https://www.googleapis.com/auth/cloud_search.settings.query,,Gets the latest state of a long-running operation. Clients can use this method to poll the operation result at intervals as recommended by the API service.
cloudsearch,v1,cloudsearch.operations.lro.list,operations.lro,GET,v1/{+name}/lro,READ_NEEDS_RW,https://www.googleapis.com/auth/cloud_search https://www.googleapis.com/auth/cloud_search.debug https://www.googleapis.com/auth/cloud_search.indexing https://www.googleapis.com/auth/cloud_search.settings https://www.googleapis.com/auth/cloud_search.settings.indexing https://www.googleapis.com/auth/cloud_search.settings.query,,"Lists operations that match the specified filter in the request. If the server doesn't support this method, it returns `UNIMPLEMENTED`."
cloudsearch,v1,cloudsearch.query.removeActivity,query,POST,v1/query:removeActivity,MUTATING,https://www.googleapis.com/auth/cloud_search https://www.googleapis.com/auth/cloud_search.query,,"Provides functionality to remove logged activity for a user. Currently to be used only for Chat 1p clients **Note:** This API requires a standard end user account to execute. A service account can't perform Remove Activity requests directly; to use a service account to perform queries, set up [Googl"
cloudsearch,v1,cloudsearch.query.search,query,POST,v1/query/search,READ_NEEDS_RW,https://www.googleapis.com/auth/cloud_search https://www.googleapis.com/auth/cloud_search.query,,"The Cloud Search Query API provides the search method, which returns the most relevant results from a user query. The results can come from Google Workspace apps, such as Gmail or Google Drive, or they can come from data that you have indexed from a third party. **Note:** This API requires a standar"
cloudsearch,v1,cloudsearch.query.sources.list,query.sources,GET,v1/query/sources,READ_NEEDS_RW,https://www.googleapis.com/auth/cloud_search https://www.googleapis.com/auth/cloud_search.query,,"Returns list of sources that user can use for Search and Suggest APIs. **Note:** This API requires a standard end user account to execute. A service account can't perform Query API requests directly; to use a service account to perform queries, set up [Google Workspace domain-wide delegation of auth"
cloudsearch,v1,cloudsearch.query.suggest,query,POST,v1/query/suggest,MUTATING,https://www.googleapis.com/auth/cloud_search https://www.googleapis.com/auth/cloud_search.query,,"Provides suggestions for autocompleting the query. **Note:** This API requires a standard end user account to execute. A service account can't perform Query API requests directly; to use a service account to perform queries, set up [Google Workspace domain-wide delegation of authority](https://devel"
cloudsearch,v1,cloudsearch.settings.datasources.create,settings.datasources,POST,v1/settings/datasources,MUTATING,https://www.googleapis.com/auth/cloud_search https://www.googleapis.com/auth/cloud_search.settings https://www.googleapis.com/auth/cloud_search.settings.indexing,,Creates a datasource. **Note:** This API requires an admin account to execute.
cloudsearch,v1,cloudsearch.settings.datasources.delete,settings.datasources,DELETE,v1/settings/{+name},MUTATING,https://www.googleapis.com/auth/cloud_search https://www.googleapis.com/auth/cloud_search.settings https://www.googleapis.com/auth/cloud_search.settings.indexing,,Deletes a datasource. **Note:** This API requires an admin account to execute.
cloudsearch,v1,cloudsearch.settings.datasources.get,settings.datasources,GET,v1/settings/{+name},READ_NEEDS_RW,https://www.googleapis.com/auth/cloud_search https://www.googleapis.com/auth/cloud_search.settings https://www.googleapis.com/auth/cloud_search.settings.indexing,,Gets a datasource. **Note:** This API requires an admin account to execute.
cloudsearch,v1,cloudsearch.settings.datasources.list,settings.datasources,GET,v1/settings/datasources,READ_NEEDS_RW,https://www.googleapis.com/auth/cloud_search https://www.googleapis.com/auth/cloud_search.settings https://www.googleapis.com/auth/cloud_search.settings.indexing,,Lists datasources. **Note:** This API requires an admin account to execute.
cloudsearch,v1,cloudsearch.settings.datasources.patch,settings.datasources,PATCH,v1/settings/{+name},MUTATING,https://www.googleapis.com/auth/cloud_search https://www.googleapis.com/auth/cloud_search.settings https://www.googleapis.com/auth/cloud_search.settings.indexing,,Updates a datasource. **Note:** This API requires an admin account to execute.
cloudsearch,v1,cloudsearch.settings.datasources.update,settings.datasources,PUT,v1/settings/{+name},MUTATING,https://www.googleapis.com/auth/cloud_search https://www.googleapis.com/auth/cloud_search.settings https://www.googleapis.com/auth/cloud_search.settings.indexing,,Updates a datasource. **Note:** This API requires an admin account to execute.
cloudsearch,v1,cloudsearch.settings.getCustomer,settings,GET,v1/settings/customer,READ_NEEDS_RW,https://www.googleapis.com/auth/cloud_search https://www.googleapis.com/auth/cloud_search.settings https://www.googleapis.com/auth/cloud_search.settings.indexing,,Get customer settings. **Note:** This API requires an admin account to execute.
cloudsearch,v1,cloudsearch.settings.searchapplications.create,settings.searchapplications,POST,v1/settings/searchapplications,MUTATING,https://www.googleapis.com/auth/cloud_search https://www.googleapis.com/auth/cloud_search.settings https://www.googleapis.com/auth/cloud_search.settings.query,,Creates a search application. **Note:** This API requires an admin account to execute.
cloudsearch,v1,cloudsearch.settings.searchapplications.delete,settings.searchapplications,DELETE,v1/settings/{+name},MUTATING,https://www.googleapis.com/auth/cloud_search https://www.googleapis.com/auth/cloud_search.settings https://www.googleapis.com/auth/cloud_search.settings.query,,Deletes a search application. **Note:** This API requires an admin account to execute.
cloudsearch,v1,cloudsearch.settings.searchapplications.get,settings.searchapplications,GET,v1/settings/{+name},READ_NEEDS_RW,https://www.googleapis.com/auth/cloud_search https://www.googleapis.com/auth/cloud_search.settings https://www.googleapis.com/auth/cloud_search.settings.query,,Gets the specified search application. **Note:** This API requires an admin account to execute.
cloudsearch,v1,cloudsearch.settings.searchapplications.list,settings.searchapplications,GET,v1/settings/searchapplications,READ_NEEDS_RW,https://www.googleapis.com/auth/cloud_search https://www.googleapis.com/auth/cloud_search.settings https://www.googleapis.com/auth/cloud_search.settings.query,,Lists all search applications. **Note:** This API requires an admin account to execute.
cloudsearch,v1,cloudsearch.settings.searchapplications.patch,settings.searchapplications,PATCH,v1/settings/{+name},MUTATING,https://www.googleapis.com/auth/cloud_search https://www.googleapis.com/auth/cloud_search.settings https://www.googleapis.com/auth/cloud_search.settings.query,,Updates a search application. **Note:** This API requires an admin account to execute.
cloudsearch,v1,cloudsearch.settings.searchapplications.reset,settings.searchapplications,POST,v1/settings/{+name}:reset,MUTATING,https://www.googleapis.com/auth/cloud_search https://www.googleapis.com/auth/cloud_search.settings https://www.googleapis.com/auth/cloud_search.settings.query,,Resets a search application to default settings. This will return an empty response. **Note:** This API requires an admin account to execute.
cloudsearch,v1,cloudsearch.settings.searchapplications.update,settings.searchapplications,PUT,v1/settings/{+name},MUTATING,https://www.googleapis.com/auth/cloud_search https://www.googleapis.com/auth/cloud_search.settings https://www.googleapis.com/auth/cloud_search.settings.query,,Updates a search application. **Note:** This API requires an admin account to execute.
cloudsearch,v1,cloudsearch.settings.updateCustomer,settings,PATCH,v1/settings/customer,MUTATING,https://www.googleapis.com/auth/cloud_search https://www.googleapis.com/auth/cloud_search.settings https://www.googleapis.com/auth/cloud_search.settings.indexing,,Update customer settings. **Note:** This API requires an admin account to execute.
cloudsearch,v1,cloudsearch.stats.getIndex,stats,GET,v1/stats/index,READ_NEEDS_RW,https://www.googleapis.com/auth/cloud_search https://www.googleapis.com/auth/cloud_search.stats https://www.googleapis.com/auth/cloud_search.stats.indexing,,Gets indexed item statistics aggreggated across all data sources. This API only returns statistics for previous dates; it doesn't return statistics for the current day. **Note:** This API requires a standard end user account to execute.
cloudsearch,v1,cloudsearch.stats.getQuery,stats,GET,v1/stats/query,READ_NEEDS_RW,https://www.googleapis.com/auth/cloud_search https://www.googleapis.com/auth/cloud_search.stats https://www.googleapis.com/auth/cloud_search.stats.indexing,,Get the query statistics for customer. **Note:** This API requires a standard end user account to execute.
cloudsearch,v1,cloudsearch.stats.getSearchapplication,stats,GET,v1/stats/searchapplication,READ_NEEDS_RW,https://www.googleapis.com/auth/cloud_search https://www.googleapis.com/auth/cloud_search.stats https://www.googleapis.com/auth/cloud_search.stats.indexing,,Get search application stats for customer. **Note:** This API requires a standard end user account to execute.
cloudsearch,v1,cloudsearch.stats.getSession,stats,GET,v1/stats/session,READ_NEEDS_RW,https://www.googleapis.com/auth/cloud_search https://www.googleapis.com/auth/cloud_search.stats https://www.googleapis.com/auth/cloud_search.stats.indexing,,"Get the # of search sessions, % of successful sessions with a click query statistics for customer. **Note:** This API requires a standard end user account to execute."
cloudsearch,v1,cloudsearch.stats.getUser,stats,GET,v1/stats/user,READ_NEEDS_RW,https://www.googleapis.com/auth/cloud_search https://www.googleapis.com/auth/cloud_search.stats https://www.googleapis.com/auth/cloud_search.stats.indexing,,Get the users statistics for customer. **Note:** This API requires a standard end user account to execute.
cloudsearch,v1,cloudsearch.stats.index.datasources.get,stats.index.datasources,GET,v1/stats/index/{+name},READ_NEEDS_RW,https://www.googleapis.com/auth/cloud_search https://www.googleapis.com/auth/cloud_search.stats https://www.googleapis.com/auth/cloud_search.stats.indexing,,Gets indexed item statistics for a single data source. **Note:** This API requires a standard end user account to execute.
cloudsearch,v1,cloudsearch.stats.query.searchapplications.get,stats.query.searchapplications,GET,v1/stats/query/{+name},READ_NEEDS_RW,https://www.googleapis.com/auth/cloud_search https://www.googleapis.com/auth/cloud_search.stats https://www.googleapis.com/auth/cloud_search.stats.indexing,,Get the query statistics for search application. **Note:** This API requires a standard end user account to execute.
cloudsearch,v1,cloudsearch.stats.session.searchapplications.get,stats.session.searchapplications,GET,v1/stats/session/{+name},READ_NEEDS_RW,https://www.googleapis.com/auth/cloud_search https://www.googleapis.com/auth/cloud_search.stats https://www.googleapis.com/auth/cloud_search.stats.indexing,,"Get the # of search sessions, % of successful sessions with a click query statistics for search application. **Note:** This API requires a standard end user account to execute."
cloudsearch,v1,cloudsearch.stats.user.searchapplications.get,stats.user.searchapplications,GET,v1/stats/user/{+name},READ_NEEDS_RW,https://www.googleapis.com/auth/cloud_search https://www.googleapis.com/auth/cloud_search.stats https://www.googleapis.com/auth/cloud_search.stats.indexing,,Get the users statistics for search application. **Note:** This API requires a standard end user account to execute.
docs,v1,docs.documents.batchUpdate,documents,POST,v1/documents/{documentId}:batchUpdate,MUTATING,https://www.googleapis.com/auth/documents https://www.googleapis.com/auth/drive https://www.googleapis.com/auth/drive.file,,"Applies one or more updates to the document. Each request is validated before being applied. If any request is not valid, then the entire request will fail and nothing will be applied. Some requests have replies to give you some information about how they are applied. Other requests do not need to r"
docs,v1,docs.documents.create,documents,POST,v1/documents,MUTATING,https://www.googleapis.com/auth/documents https://www.googleapis.com/auth/drive https://www.googleapis.com/auth/drive.file,,"Creates a blank document using the title given in the request. Other fields in the request, including any provided content, are ignored. Returns the created document."
docs,v1,docs.documents.get,documents,GET,v1/documents/{documentId},READ_SAFE,https://www.googleapis.com/auth/documents https://www.googleapis.com/auth/documents.readonly https://www.googleapis.com/auth/drive https://www.googleapis.com/auth/drive.file https://www.googleapis.com/auth/drive.readonly,https://www.googleapis.com/auth/documents.readonly https://www.googleapis.com/auth/drive.readonly,Gets the latest version of the specified document.
drive,v3,drive.about.get,about,GET,about,READ_SAFE,https://www.googleapis.com/auth/drive https://www.googleapis.com/auth/drive.appdata https://www.googleapis.com/auth/drive.file https://www.googleapis.com/auth/drive.metadata https://www.googleapis.com/auth/drive.metadata.readonly https://www.googleapis.com/auth/drive.photos.readonly https://www.googleapis.com/auth/drive.readonly,https://www.googleapis.com/auth/drive.metadata.readonly https://www.googleapis.com/auth/drive.photos.readonly https://www.googleapis.com/auth/drive.readonly,"Gets information about the user, the user's Drive, and system capabilities. For more information, see [Return user info](https://developers.google.com/workspace/drive/api/guides/user-info). Required: The `fields` parameter must be set. To return the exact fields you need, see [Return specific fields"
drive,v3,drive.accessproposals.get,accessproposals,GET,files/{fileId}/accessproposals/{proposalId},READ_SAFE,https://www.googleapis.com/auth/drive https://www.googleapis.com/auth/drive.file https://www.googleapis.com/auth/drive.metadata https://www.googleapis.com/auth/drive.metadata.readonly https://www.googleapis.com/auth/drive.readonly,https://www.googleapis.com/auth/drive.metadata.readonly https://www.googleapis.com/auth/drive.readonly,"Retrieves an access proposal by ID. For more information, see [Manage pending access proposals](https://developers.google.com/workspace/drive/api/guides/pending-access)."
drive,v3,drive.accessproposals.list,accessproposals,GET,files/{fileId}/accessproposals,READ_SAFE,https://www.googleapis.com/auth/drive https://www.googleapis.com/auth/drive.file https://www.googleapis.com/auth/drive.metadata https://www.googleapis.com/auth/drive.metadata.readonly https://www.googleapis.com/auth/drive.readonly,https://www.googleapis.com/auth/drive.metadata.readonly https://www.googleapis.com/auth/drive.readonly,"List the access proposals on a file. For more information, see [Manage pending access proposals](https://developers.google.com/workspace/drive/api/guides/pending-access). Note: Only approvers are able to list access proposals on a file. If the user isn't an approver, a 403 error is returned."
drive,v3,drive.accessproposals.resolve,accessproposals,POST,files/{fileId}/accessproposals/{proposalId}:resolve,MUTATING,https://www.googleapis.com/auth/drive https://www.googleapis.com/auth/drive.file,,"Approves or denies an access proposal. For more information, see [Manage pending access proposals](https://developers.google.com/workspace/drive/api/guides/pending-access)."
drive,v3,drive.approvals.approve,approvals,POST,files/{fileId}/approvals/{approvalId}:approve,MUTATING,https://www.googleapis.com/auth/drive https://www.googleapis.com/auth/drive.file https://www.googleapis.com/auth/drive.metadata,,"Approves an approval. For more information, see [Manage approvals](https://developers.google.com/workspace/drive/api/guides/approvals). This is used to update the ReviewerResponse of the requesting user with a Response of `APPROVED`. If this is the last required reviewer response, this also complete"
drive,v3,drive.approvals.cancel,approvals,POST,files/{fileId}/approvals/{approvalId}:cancel,MUTATING,https://www.googleapis.com/auth/drive https://www.googleapis.com/auth/drive.file https://www.googleapis.com/auth/drive.metadata,,"Cancels an approval. For more information, see [Manage approvals](https://developers.google.com/workspace/drive/api/guides/approvals). Updates the approval Status to `CANCELLED`. This can be called by any user with the `writer` permission on the file while the approval Status is `IN_PROGRESS`."
drive,v3,drive.approvals.comment,approvals,POST,files/{fileId}/approvals/{approvalId}:comment,MUTATING,https://www.googleapis.com/auth/drive https://www.googleapis.com/auth/drive.file https://www.googleapis.com/auth/drive.metadata,,"Comments on an approval. For more information, see [Manage approvals](https://developers.google.com/workspace/drive/api/guides/approvals). This sends a notification to both the initiator and the reviewers. Additionally, a message is also added to the approval activity log."
drive,v3,drive.approvals.decline,approvals,POST,files/{fileId}/approvals/{approvalId}:decline,MUTATING,https://www.googleapis.com/auth/drive https://www.googleapis.com/auth/drive.file https://www.googleapis.com/auth/drive.metadata,,"Declines an approval. For more information, see [Manage approvals](https://developers.google.com/workspace/drive/api/guides/approvals). This is used to update the ReviewerResponse of the requesting user with a Response of `DECLINED`. This also completes the approval and sets the approval Status to `"
drive,v3,drive.approvals.get,approvals,GET,files/{fileId}/approvals/{approvalId},READ_SAFE,https://www.googleapis.com/auth/drive https://www.googleapis.com/auth/drive.appdata https://www.googleapis.com/auth/drive.file https://www.googleapis.com/auth/drive.metadata https://www.googleapis.com/auth/drive.metadata.readonly https://www.googleapis.com/auth/drive.readonly,https://www.googleapis.com/auth/drive.metadata.readonly https://www.googleapis.com/auth/drive.readonly,"Gets an approval by ID. For more information, see [Manage approvals](https://developers.google.com/workspace/drive/api/guides/approvals)."
drive,v3,drive.approvals.list,approvals,GET,files/{fileId}/approvals,READ_SAFE,https://www.googleapis.com/auth/drive https://www.googleapis.com/auth/drive.appdata https://www.googleapis.com/auth/drive.file https://www.googleapis.com/auth/drive.metadata https://www.googleapis.com/auth/drive.metadata.readonly https://www.googleapis.com/auth/drive.readonly,https://www.googleapis.com/auth/drive.metadata.readonly https://www.googleapis.com/auth/drive.readonly,"Lists the approvals on a file. For more information, see [Manage approvals](https://developers.google.com/workspace/drive/api/guides/approvals). By default, this method returns a minimal response that may not include the items array. To retrieve approval details, you must explicitly specify the fiel"
drive,v3,drive.approvals.reassign,approvals,POST,files/{fileId}/approvals/{approvalId}:reassign,MUTATING,https://www.googleapis.com/auth/drive https://www.googleapis.com/auth/drive.file https://www.googleapis.com/auth/drive.metadata,,"Reassigns the reviewers on an approval. For more information, see [Manage approvals](https://developers.google.com/workspace/drive/api/guides/approvals). Adds or replaces reviewers in the ReviewerResponse of the approval. This can be called by any user with the `writer` permission on the file while "
drive,v3,drive.approvals.start,approvals,POST,files/{fileId}/approvals:start,MUTATING,https://www.googleapis.com/auth/drive https://www.googleapis.com/auth/drive.file https://www.googleapis.com/auth/drive.metadata,,"Starts an approval on a file. For more information, see [Manage approvals](https://developers.google.com/workspace/drive/api/guides/approvals)."
drive,v3,drive.apps.get,apps,GET,apps/{appId},READ_SAFE,https://www.googleapis.com/auth/drive https://www.googleapis.com/auth/drive.appdata https://www.googleapis.com/auth/drive.apps.readonly https://www.googleapis.com/auth/drive.file https://www.googleapis.com/auth/drive.metadata https://www.googleapis.com/auth/drive.metadata.readonly https://www.googleapis.com/auth/drive.readonly,https://www.googleapis.com/auth/drive.apps.readonly https://www.googleapis.com/auth/drive.metadata.readonly https://www.googleapis.com/auth/drive.readonly,"Gets a specific app. For more information, see [Return user info](https://developers.google.com/workspace/drive/api/guides/user-info)."
drive,v3,drive.apps.list,apps,GET,apps,READ_SAFE,https://www.googleapis.com/auth/drive.apps.readonly,https://www.googleapis.com/auth/drive.apps.readonly,"Lists a user's installed apps. For more information, see [Return user info](https://developers.google.com/workspace/drive/api/guides/user-info)."
drive,v3,drive.changes.getStartPageToken,changes,GET,changes/startPageToken,READ_SAFE,https://www.googleapis.com/auth/drive https://www.googleapis.com/auth/drive.appdata https://www.googleapis.com/auth/drive.file https://www.googleapis.com/auth/drive.meet.readonly https://www.googleapis.com/auth/drive.metadata https://www.googleapis.com/auth/drive.metadata.readonly https://www.googleapis.com/auth/drive.photos.readonly https://www.googleapis.com/auth/drive.readonly,https://www.googleapis.com/auth/drive.meet.readonly https://www.googleapis.com/auth/drive.metadata.readonly https://www.googleapis.com/auth/drive.photos.readonly https://www.googleapis.com/auth/drive.readonly,"Gets the starting pageToken for listing future changes. For more information, see [Retrieve changes](https://developers.google.com/workspace/drive/api/guides/manage-changes)."
drive,v3,drive.changes.list,changes,GET,changes,READ_SAFE,https://www.googleapis.com/auth/drive https://www.googleapis.com/auth/drive.appdata https://www.googleapis.com/auth/drive.file https://www.googleapis.com/auth/drive.meet.readonly https://www.googleapis.com/auth/drive.metadata https://www.googleapis.com/auth/drive.metadata.readonly https://www.googleapis.com/auth/drive.photos.readonly https://www.googleapis.com/auth/drive.readonly,https://www.googleapis.com/auth/drive.meet.readonly https://www.googleapis.com/auth/drive.metadata.readonly https://www.googleapis.com/auth/drive.photos.readonly https://www.googleapis.com/auth/drive.readonly,"Lists the changes for a user or shared drive. For more information, see [Retrieve changes](https://developers.google.com/workspace/drive/api/guides/manage-changes)."
drive,v3,drive.changes.watch,changes,POST,changes/watch,MUTATING,https://www.googleapis.com/auth/drive https://www.googleapis.com/auth/drive.appdata https://www.googleapis.com/auth/drive.file https://www.googleapis.com/auth/drive.meet.readonly https://www.googleapis.com/auth/drive.metadata https://www.googleapis.com/auth/drive.metadata.readonly https://www.googleapis.com/auth/drive.photos.readonly https://www.googleapis.com/auth/drive.readonly,https://www.googleapis.com/auth/drive.meet.readonly https://www.googleapis.com/auth/drive.metadata.readonly https://www.googleapis.com/auth/drive.photos.readonly https://www.googleapis.com/auth/drive.readonly,"Subscribes to changes for a user. For more information, see [Notifications for resource changes](https://developers.google.com/workspace/drive/api/guides/push)."
drive,v3,drive.channels.stop,channels,POST,channels/stop,MUTATING,https://www.googleapis.com/auth/drive https://www.googleapis.com/auth/drive.appdata https://www.googleapis.com/auth/drive.file https://www.googleapis.com/auth/drive.meet.readonly https://www.googleapis.com/auth/drive.metadata https://www.googleapis.com/auth/drive.metadata.readonly https://www.googleapis.com/auth/drive.photos.readonly https://www.googleapis.com/auth/drive.readonly,https://www.googleapis.com/auth/drive.meet.readonly https://www.googleapis.com/auth/drive.metadata.readonly https://www.googleapis.com/auth/drive.photos.readonly https://www.googleapis.com/auth/drive.readonly,"Stops watching resources through this channel. For more information, see [Notifications for resource changes](https://developers.google.com/workspace/drive/api/guides/push)."
drive,v3,drive.comments.create,comments,POST,files/{fileId}/comments,MUTATING,https://www.googleapis.com/auth/drive https://www.googleapis.com/auth/drive.file,,"Creates a comment on a file. For more information, see [Manage comments and replies](https://developers.google.com/workspace/drive/api/guides/manage-comments). Required: The `fields` parameter must be set. To return the exact fields you need, see [Return specific fields](https://developers.google.co"
drive,v3,drive.comments.delete,comments,DELETE,files/{fileId}/comments/{commentId},MUTATING,https://www.googleapis.com/auth/drive https://www.googleapis.com/auth/drive.file,,"Deletes a comment. For more information, see [Manage comments and replies](https://developers.google.com/workspace/drive/api/guides/manage-comments)."
drive,v3,drive.comments.get,comments,GET,files/{fileId}/comments/{commentId},READ_SAFE,https://www.googleapis.com/auth/drive https://www.googleapis.com/auth/drive.file https://www.googleapis.com/auth/drive.meet.readonly https://www.googleapis.com/auth/drive.readonly,https://www.googleapis.com/auth/drive.meet.readonly https://www.googleapis.com/auth/drive.readonly,"Gets a comment by ID. For more information, see [Manage comments and replies](https://developers.google.com/workspace/drive/api/guides/manage-comments). Required: The `fields` parameter must be set. To return the exact fields you need, see [Return specific fields](https://developers.google.com/works"
drive,v3,drive.comments.list,comments,GET,files/{fileId}/comments,READ_SAFE,https://www.googleapis.com/auth/drive https://www.googleapis.com/auth/drive.file https://www.googleapis.com/auth/drive.meet.readonly https://www.googleapis.com/auth/drive.readonly,https://www.googleapis.com/auth/drive.meet.readonly https://www.googleapis.com/auth/drive.readonly,"Lists a file's comments. For more information, see [Manage comments and replies](https://developers.google.com/workspace/drive/api/guides/manage-comments). Required: The `fields` parameter must be set. To return the exact fields you need, see [Return specific fields](https://developers.google.com/wo"
drive,v3,drive.comments.update,comments,PATCH,files/{fileId}/comments/{commentId},MUTATING,https://www.googleapis.com/auth/drive https://www.googleapis.com/auth/drive.file,,"Updates a comment with patch semantics. For more information, see [Manage comments and replies](https://developers.google.com/workspace/drive/api/guides/manage-comments). Required: The `fields` parameter must be set. To return the exact fields you need, see [Return specific fields](https://developer"
drive,v3,drive.drives.create,drives,POST,drives,MUTATING,https://www.googleapis.com/auth/drive,,"Creates a shared drive. For more information, see [Manage shared drives](https://developers.google.com/workspace/drive/api/guides/manage-shareddrives)."
drive,v3,drive.drives.delete,drives,DELETE,drives/{driveId},MUTATING,https://www.googleapis.com/auth/drive,,"Permanently deletes a shared drive for which the user is an `organizer`. The shared drive cannot contain any untrashed items. For more information, see [Manage shared drives](https://developers.google.com/workspace/drive/api/guides/manage-shareddrives)."
drive,v3,drive.drives.get,drives,GET,drives/{driveId},READ_SAFE,https://www.googleapis.com/auth/drive https://www.googleapis.com/auth/drive.readonly,https://www.googleapis.com/auth/drive.readonly,"Gets a shared drive's metadata by ID. For more information, see [Manage shared drives](https://developers.google.com/workspace/drive/api/guides/manage-shareddrives)."
drive,v3,drive.drives.hide,drives,POST,drives/{driveId}/hide,MUTATING,https://www.googleapis.com/auth/drive,,"Hides a shared drive from the default view. For more information, see [Manage shared drives](https://developers.google.com/workspace/drive/api/guides/manage-shareddrives)."
drive,v3,drive.drives.list,drives,GET,drives,READ_SAFE,https://www.googleapis.com/auth/drive https://www.googleapis.com/auth/drive.readonly,https://www.googleapis.com/auth/drive.readonly," Lists the user's shared drives. This method accepts the `q` parameter, which is a search query combining one or more search terms. For more information, see the [Search for shared drives](https://developers.google.com/workspace/drive/api/guides/search-shareddrives) guide."
drive,v3,drive.drives.unhide,drives,POST,drives/{driveId}/unhide,MUTATING,https://www.googleapis.com/auth/drive,,"Restores a shared drive to the default view. For more information, see [Manage shared drives](https://developers.google.com/workspace/drive/api/guides/manage-shareddrives)."
drive,v3,drive.drives.update,drives,PATCH,drives/{driveId},MUTATING,https://www.googleapis.com/auth/drive,,"Updates the metadata for a shared drive. For more information, see [Manage shared drives](https://developers.google.com/workspace/drive/api/guides/manage-shareddrives)."
drive,v3,drive.files.copy,files,POST,files/{fileId}/copy,MUTATING,https://www.googleapis.com/auth/drive https://www.googleapis.com/auth/drive.appdata https://www.googleapis.com/auth/drive.file https://www.googleapis.com/auth/drive.photos.readonly,https://www.googleapis.com/auth/drive.photos.readonly,"Creates a copy of a file and applies any requested updates with patch semantics. For more information, see [Create and manage files](https://developers.google.com/workspace/drive/api/guides/create-file)."
drive,v3,drive.files.create,files,POST,files,MUTATING,https://www.googleapis.com/auth/drive https://www.googleapis.com/auth/drive.appdata https://www.googleapis.com/auth/drive.file,," Creates a file. For more information, see [Create and manage files](https://developers.google.com/workspace/drive/api/guides/create-file). This method supports an */upload* URI and accepts uploaded media with the following characteristics: - *Maximum file size:* 5,120 GB - *Accepted Media MIME type"
drive,v3,drive.files.delete,files,DELETE,files/{fileId},MUTATING,https://www.googleapis.com/auth/drive https://www.googleapis.com/auth/drive.appdata https://www.googleapis.com/auth/drive.file,,"Permanently deletes a file owned by the user without moving it to the trash. For more information, see [Trash or delete files and folders](https://developers.google.com/workspace/drive/api/guides/delete). If the file belongs to a shared drive, the user must be an `organizer` on the parent folder. If"
drive,v3,drive.files.download,files,POST,files/{fileId}/download,READ_SAFE,https://www.googleapis.com/auth/drive https://www.googleapis.com/auth/drive.file https://www.googleapis.com/auth/drive.readonly,https://www.googleapis.com/auth/drive.readonly,"Downloads the content of a file. For more information, see [Download and export files](https://developers.google.com/workspace/drive/api/guides/manage-downloads). Operations are valid for 24 hours from the time of creation."
drive,v3,drive.files.emptyTrash,files,DELETE,files/trash,MUTATING,https://www.googleapis.com/auth/drive,,"Permanently deletes all of the user's trashed files. For more information, see [Trash or delete files and folders](https://developers.google.com/workspace/drive/api/guides/delete)."
drive,v3,drive.files.export,files,GET,files/{fileId}/export,READ_SAFE,https://www.googleapis.com/auth/drive https://www.googleapis.com/auth/drive.file https://www.googleapis.com/auth/drive.meet.readonly https://www.googleapis.com/auth/drive.readonly,https://www.googleapis.com/auth/drive.meet.readonly https://www.googleapis.com/auth/drive.readonly,"Exports a Google Workspace document to the requested MIME type and returns exported byte content. For more information, see [Download and export files](https://developers.google.com/workspace/drive/api/guides/manage-downloads). Note that the exported content is limited to 10 MB."
drive,v3,drive.files.generateCseToken,files,GET,files/generateCseToken,READ_NEEDS_RW,https://www.googleapis.com/auth/drive,,Generates a CSE token which can be used to create or update CSE files.
drive,v3,drive.files.generateIds,files,GET,files/generateIds,READ_NEEDS_RW,https://www.googleapis.com/auth/drive https://www.googleapis.com/auth/drive.appdata https://www.googleapis.com/auth/drive.file,,"Generates a set of file IDs which can be provided in create or copy requests. For more information, see [Create and manage files](https://developers.google.com/workspace/drive/api/guides/create-file)."
drive,v3,drive.files.get,files,GET,files/{fileId},READ_SAFE,https://www.googleapis.com/auth/drive https://www.googleapis.com/auth/drive.appdata https://www.googleapis.com/auth/drive.file https://www.googleapis.com/auth/drive.meet.readonly https://www.googleapis.com/auth/drive.metadata https://www.googleapis.com/auth/drive.metadata.readonly https://www.googleapis.com/auth/drive.photos.readonly https://www.googleapis.com/auth/drive.readonly,https://www.googleapis.com/auth/drive.meet.readonly https://www.googleapis.com/auth/drive.metadata.readonly https://www.googleapis.com/auth/drive.photos.readonly https://www.googleapis.com/auth/drive.readonly," Gets a file's metadata or content by ID. For more information, see [Search for files and folders](https://developers.google.com/workspace/drive/api/guides/search-files). If you provide the URL parameter `alt=media`, then the response includes the file contents in the response body. Downloading cont"
drive,v3,drive.files.list,files,GET,files,READ_SAFE,https://www.googleapis.com/auth/drive https://www.googleapis.com/auth/drive.appdata https://www.googleapis.com/auth/drive.file https://www.googleapis.com/auth/drive.meet.readonly https://www.googleapis.com/auth/drive.metadata https://www.googleapis.com/auth/drive.metadata.readonly https://www.googleapis.com/auth/drive.photos.readonly https://www.googleapis.com/auth/drive.readonly,https://www.googleapis.com/auth/drive.meet.readonly https://www.googleapis.com/auth/drive.metadata.readonly https://www.googleapis.com/auth/drive.photos.readonly https://www.googleapis.com/auth/drive.readonly," Lists the user's files. For more information, see [Search for files and folders](https://developers.google.com/workspace/drive/api/guides/search-files). This method accepts the `q` parameter, which is a search query combining one or more search terms. This method returns *all* files by default, inc"
drive,v3,drive.files.listLabels,files,GET,files/{fileId}/listLabels,READ_SAFE,https://www.googleapis.com/auth/drive https://www.googleapis.com/auth/drive.file https://www.googleapis.com/auth/drive.meet.readonly https://www.googleapis.com/auth/drive.metadata https://www.googleapis.com/auth/drive.metadata.readonly https://www.googleapis.com/auth/drive.readonly,https://www.googleapis.com/auth/drive.meet.readonly https://www.googleapis.com/auth/drive.metadata.readonly https://www.googleapis.com/auth/drive.readonly,"Lists the labels on a file. For more information, see [List labels on a file](https://developers.google.com/workspace/drive/api/guides/list-labels)."
drive,v3,drive.files.modifyLabels,files,POST,files/{fileId}/modifyLabels,MUTATING,https://www.googleapis.com/auth/drive https://www.googleapis.com/auth/drive.file https://www.googleapis.com/auth/drive.metadata,,"Modifies the set of labels applied to a file. For more information, see [Set a label field on a file](https://developers.google.com/workspace/drive/api/guides/set-label). Returns a list of the labels that were added or modified."
drive,v3,drive.files.update,files,PATCH,files/{fileId},MUTATING,https://www.googleapis.com/auth/drive https://www.googleapis.com/auth/drive.appdata https://www.googleapis.com/auth/drive.file https://www.googleapis.com/auth/drive.metadata https://www.googleapis.com/auth/drive.scripts,," Updates a file's metadata, content, or both. When calling this method, only populate fields in the request that you want to modify. When updating fields, some fields might be changed automatically, such as `modifiedDate`. This method supports patch semantics. This method supports an */upload* URI a"
drive,v3,drive.files.watch,files,POST,files/{fileId}/watch,MUTATING,https://www.googleapis.com/auth/drive https://www.googleapis.com/auth/drive.appdata https://www.googleapis.com/auth/drive.file https://www.googleapis.com/auth/drive.meet.readonly https://www.googleapis.com/auth/drive.metadata https://www.googleapis.com/auth/drive.metadata.readonly https://www.googleapis.com/auth/drive.photos.readonly https://www.googleapis.com/auth/drive.readonly,https://www.googleapis.com/auth/drive.meet.readonly https://www.googleapis.com/auth/drive.metadata.readonly https://www.googleapis.com/auth/drive.photos.readonly https://www.googleapis.com/auth/drive.readonly,"Subscribes to changes to a file. For more information, see [Notifications for resource changes](https://developers.google.com/workspace/drive/api/guides/push)."
drive,v3,drive.operations.get,operations,GET,operations/{name},READ_SAFE,https://www.googleapis.com/auth/drive https://www.googleapis.com/auth/drive.file https://www.googleapis.com/auth/drive.meet.readonly https://www.googleapis.com/auth/drive.readonly,https://www.googleapis.com/auth/drive.meet.readonly https://www.googleapis.com/auth/drive.readonly,Gets the latest state of a long-running operation. Clients can use this method to poll the operation result at intervals as recommended by the API service.
drive,v3,drive.permissions.create,permissions,POST,files/{fileId}/permissions,MUTATING,https://www.googleapis.com/auth/drive https://www.googleapis.com/auth/drive.file,,"Creates a permission for a file or shared drive. For more information, see [Share files, folders, and drives](https://developers.google.com/workspace/drive/api/guides/manage-sharing). **Warning:** Concurrent permissions operations on the same file aren't supported; only the last update is applied."
drive,v3,drive.permissions.delete,permissions,DELETE,files/{fileId}/permissions/{permissionId},MUTATING,https://www.googleapis.com/auth/drive https://www.googleapis.com/auth/drive.file,,"Deletes a permission. For more information, see [Share files, folders, and drives](https://developers.google.com/workspace/drive/api/guides/manage-sharing). **Warning:** Concurrent permissions operations on the same file aren't supported; only the last update is applied."
drive,v3,drive.permissions.get,permissions,GET,files/{fileId}/permissions/{permissionId},READ_SAFE,https://www.googleapis.com/auth/drive https://www.googleapis.com/auth/drive.file https://www.googleapis.com/auth/drive.meet.readonly https://www.googleapis.com/auth/drive.metadata https://www.googleapis.com/auth/drive.metadata.readonly https://www.googleapis.com/auth/drive.photos.readonly https://www.googleapis.com/auth/drive.readonly,https://www.googleapis.com/auth/drive.meet.readonly https://www.googleapis.com/auth/drive.metadata.readonly https://www.googleapis.com/auth/drive.photos.readonly https://www.googleapis.com/auth/drive.readonly,"Gets a permission by ID. For more information, see [Share files, folders, and drives](https://developers.google.com/workspace/drive/api/guides/manage-sharing)."
drive,v3,drive.permissions.list,permissions,GET,files/{fileId}/permissions,READ_SAFE,https://www.googleapis.com/auth/drive https://www.googleapis.com/auth/drive.file https://www.googleapis.com/auth/drive.meet.readonly https://www.googleapis.com/auth/drive.metadata https://www.googleapis.com/auth/drive.metadata.readonly https://www.googleapis.com/auth/drive.photos.readonly https://www.googleapis.com/auth/drive.readonly,https://www.googleapis.com/auth/drive.meet.readonly https://www.googleapis.com/auth/drive.metadata.readonly https://www.googleapis.com/auth/drive.photos.readonly https://www.googleapis.com/auth/drive.readonly,"Lists a file's or shared drive's permissions. For more information, see [Share files, folders, and drives](https://developers.google.com/workspace/drive/api/guides/manage-sharing)."
drive,v3,drive.permissions.update,permissions,PATCH,files/{fileId}/permissions/{permissionId},MUTATING,https://www.googleapis.com/auth/drive https://www.googleapis.com/auth/drive.file,,"Updates a permission with patch semantics. For more information, see [Share files, folders, and drives](https://developers.google.com/workspace/drive/api/guides/manage-sharing). **Warning:** Concurrent permissions operations on the same file aren't supported; only the last update is applied."
drive,v3,drive.replies.create,replies,POST,files/{fileId}/comments/{commentId}/replies,MUTATING,https://www.googleapis.com/auth/drive https://www.googleapis.com/auth/drive.file,,"Creates a reply to a comment. For more information, see [Manage comments and replies](https://developers.google.com/workspace/drive/api/guides/manage-comments)."
drive,v3,drive.replies.delete,replies,DELETE,files/{fileId}/comments/{commentId}/replies/{replyId},MUTATING,https://www.googleapis.com/auth/drive https://www.googleapis.com/auth/drive.file,,"Deletes a reply. For more information, see [Manage comments and replies](https://developers.google.com/workspace/drive/api/guides/manage-comments)."
drive,v3,drive.replies.get,replies,GET,files/{fileId}/comments/{commentId}/replies/{replyId},READ_SAFE,https://www.googleapis.com/auth/drive https://www.googleapis.com/auth/drive.file https://www.googleapis.com/auth/drive.meet.readonly https://www.googleapis.com/auth/drive.readonly,https://www.googleapis.com/auth/drive.meet.readonly https://www.googleapis.com/auth/drive.readonly,"Gets a reply by ID. For more information, see [Manage comments and replies](https://developers.google.com/workspace/drive/api/guides/manage-comments)."
drive,v3,drive.replies.list,replies,GET,files/{fileId}/comments/{commentId}/replies,READ_SAFE,https://www.googleapis.com/auth/drive https://www.googleapis.com/auth/drive.file https://www.googleapis.com/auth/drive.meet.readonly https://www.googleapis.com/auth/drive.readonly,https://www.googleapis.com/auth/drive.meet.readonly https://www.googleapis.com/auth/drive.readonly,"Lists a comment's replies. For more information, see [Manage comments and replies](https://developers.google.com/workspace/drive/api/guides/manage-comments)."
drive,v3,drive.replies.update,replies,PATCH,files/{fileId}/comments/{commentId}/replies/{replyId},MUTATING,https://www.googleapis.com/auth/drive https://www.googleapis.com/auth/drive.file,,"Updates a reply with patch semantics. For more information, see [Manage comments and replies](https://developers.google.com/workspace/drive/api/guides/manage-comments)."
drive,v3,drive.revisions.delete,revisions,DELETE,files/{fileId}/revisions/{revisionId},MUTATING,https://www.googleapis.com/auth/drive https://www.googleapis.com/auth/drive.appdata https://www.googleapis.com/auth/drive.file,,"Permanently deletes a file version. You can only delete revisions for files with binary content in Google Drive, like images or videos. Revisions for other files, like Google Docs or Sheets, and the last remaining file version can't be deleted. For more information, see [Manage file revisions](https"
drive,v3,drive.revisions.get,revisions,GET,files/{fileId}/revisions/{revisionId},READ_SAFE,https://www.googleapis.com/auth/drive https://www.googleapis.com/auth/drive.appdata https://www.googleapis.com/auth/drive.file https://www.googleapis.com/auth/drive.meet.readonly https://www.googleapis.com/auth/drive.metadata https://www.googleapis.com/auth/drive.metadata.readonly https://www.googleapis.com/auth/drive.photos.readonly https://www.googleapis.com/auth/drive.readonly,https://www.googleapis.com/auth/drive.meet.readonly https://www.googleapis.com/auth/drive.metadata.readonly https://www.googleapis.com/auth/drive.photos.readonly https://www.googleapis.com/auth/drive.readonly,"Gets a revision's metadata or content by ID. For more information, see [Manage file revisions](https://developers.google.com/workspace/drive/api/guides/manage-revisions)."
drive,v3,drive.revisions.list,revisions,GET,files/{fileId}/revisions,READ_SAFE,https://www.googleapis.com/auth/drive https://www.googleapis.com/auth/drive.appdata https://www.googleapis.com/auth/drive.file https://www.googleapis.com/auth/drive.meet.readonly https://www.googleapis.com/auth/drive.metadata https://www.googleapis.com/auth/drive.metadata.readonly https://www.googleapis.com/auth/drive.photos.readonly https://www.googleapis.com/auth/drive.readonly,https://www.googleapis.com/auth/drive.meet.readonly https://www.googleapis.com/auth/drive.metadata.readonly https://www.googleapis.com/auth/drive.photos.readonly https://www.googleapis.com/auth/drive.readonly,"Lists a file's revisions. For more information, see [Manage file revisions](https://developers.google.com/workspace/drive/api/guides/manage-revisions). **Important:** The list of revisions returned by this method might be incomplete for files with a large revision history, including frequently edite"
drive,v3,drive.revisions.update,revisions,PATCH,files/{fileId}/revisions/{revisionId},MUTATING,https://www.googleapis.com/auth/drive https://www.googleapis.com/auth/drive.appdata https://www.googleapis.com/auth/drive.file,,"Updates a revision with patch semantics. For more information, see [Manage file revisions](https://developers.google.com/workspace/drive/api/guides/manage-revisions)."
drive,v3,drive.teamdrives.create,teamdrives,POST,teamdrives,MUTATING,https://www.googleapis.com/auth/drive,,Deprecated: Use `drives.create` instead.
drive,v3,drive.teamdrives.delete,teamdrives,DELETE,teamdrives/{teamDriveId},MUTATING,https://www.googleapis.com/auth/drive,,Deprecated: Use `drives.delete` instead.
drive,v3,drive.teamdrives.get,teamdrives,GET,teamdrives/{teamDriveId},READ_SAFE,https://www.googleapis.com/auth/drive https://www.googleapis.com/auth/drive.readonly,https://www.googleapis.com/auth/drive.readonly,Deprecated: Use `drives.get` instead.
drive,v3,drive.teamdrives.list,teamdrives,GET,teamdrives,READ_SAFE,https://www.googleapis.com/auth/drive https://www.googleapis.com/auth/drive.readonly,https://www.googleapis.com/auth/drive.readonly,Deprecated: Use `drives.list` instead.
drive,v3,drive.teamdrives.update,teamdrives,PATCH,teamdrives/{teamDriveId},MUTATING,https://www.googleapis.com/auth/drive,,Deprecated: Use `drives.update` instead.
driveactivity,v2,driveactivity.activity.query,activity,POST,v2/activity:query,READ_SAFE,https://www.googleapis.com/auth/drive.activity https://www.googleapis.com/auth/drive.activity.readonly,https://www.googleapis.com/auth/drive.activity.readonly,Query past activity in Google Drive.
forms,v1,forms.forms.batchUpdate,forms,POST,v1/forms/{formId}:batchUpdate,MUTATING,https://www.googleapis.com/auth/drive https://www.googleapis.com/auth/drive.file https://www.googleapis.com/auth/forms.body,,Change the form with a batch of updates.
forms,v1,forms.forms.create,forms,POST,v1/forms,MUTATING,https://www.googleapis.com/auth/drive https://www.googleapis.com/auth/drive.file https://www.googleapis.com/auth/forms.body,,"Create a new form using the title given in the provided form message in the request. *Important:* Only the form.info.title and form.info.document_title fields are copied to the new form. All other fields including the form description, items and settings are disallowed. To create a new form and add "
forms,v1,forms.forms.get,forms,GET,v1/forms/{formId},READ_SAFE,https://www.googleapis.com/auth/drive https://www.googleapis.com/auth/drive.file https://www.googleapis.com/auth/drive.readonly https://www.googleapis.com/auth/forms.body https://www.googleapis.com/auth/forms.body.readonly,https://www.googleapis.com/auth/drive.readonly https://www.googleapis.com/auth/forms.body.readonly,Get a form.
forms,v1,forms.forms.responses.get,forms.responses,GET,v1/forms/{formId}/responses/{responseId},READ_SAFE,https://www.googleapis.com/auth/drive https://www.googleapis.com/auth/drive.file https://www.googleapis.com/auth/forms.responses.readonly,https://www.googleapis.com/auth/forms.responses.readonly,Get one response from the form.
forms,v1,forms.forms.responses.list,forms.responses,GET,v1/forms/{formId}/responses,READ_SAFE,https://www.googleapis.com/auth/drive https://www.googleapis.com/auth/drive.file https://www.googleapis.com/auth/forms.responses.readonly,https://www.googleapis.com/auth/forms.responses.readonly,List a form's responses.
forms,v1,forms.forms.setPublishSettings,forms,POST,v1/forms/{formId}:setPublishSettings,MUTATING,https://www.googleapis.com/auth/drive https://www.googleapis.com/auth/drive.file https://www.googleapis.com/auth/forms.body,,Updates the publish settings of a form. Legacy forms aren't supported because they don't have the `publish_settings` field.
forms,v1,forms.forms.watches.create,forms.watches,POST,v1/forms/{formId}/watches,MUTATING,https://www.googleapis.com/auth/drive https://www.googleapis.com/auth/drive.file https://www.googleapis.com/auth/drive.readonly https://www.googleapis.com/auth/forms.body https://www.googleapis.com/auth/forms.body.readonly https://www.googleapis.com/auth/forms.responses.readonly,https://www.googleapis.com/auth/drive.readonly https://www.googleapis.com/auth/forms.body.readonly https://www.googleapis.com/auth/forms.responses.readonly,"Create a new watch. If a watch ID is provided, it must be unused. For each invoking project, the per form limit is one watch per Watch.EventType. A watch expires seven days after it is created (see Watch.expire_time)."
forms,v1,forms.forms.watches.delete,forms.watches,DELETE,v1/forms/{formId}/watches/{watchId},MUTATING,https://www.googleapis.com/auth/drive https://www.googleapis.com/auth/drive.file https://www.googleapis.com/auth/drive.readonly https://www.googleapis.com/auth/forms.body https://www.googleapis.com/auth/forms.body.readonly https://www.googleapis.com/auth/forms.responses.readonly,https://www.googleapis.com/auth/drive.readonly https://www.googleapis.com/auth/forms.body.readonly https://www.googleapis.com/auth/forms.responses.readonly,Delete a watch.
forms,v1,forms.forms.watches.list,forms.watches,GET,v1/forms/{formId}/watches,READ_SAFE,https://www.googleapis.com/auth/drive https://www.googleapis.com/auth/drive.file https://www.googleapis.com/auth/drive.readonly https://www.googleapis.com/auth/forms.body https://www.googleapis.com/auth/forms.body.readonly https://www.googleapis.com/auth/forms.responses.readonly,https://www.googleapis.com/auth/drive.readonly https://www.googleapis.com/auth/forms.body.readonly https://www.googleapis.com/auth/forms.responses.readonly,"Return a list of the watches owned by the invoking project. The maximum number of watches is two: For each invoker, the limit is one for each event type per form."
forms,v1,forms.forms.watches.renew,forms.watches,POST,v1/forms/{formId}/watches/{watchId}:renew,MUTATING,https://www.googleapis.com/auth/drive https://www.googleapis.com/auth/drive.file https://www.googleapis.com/auth/drive.readonly https://www.googleapis.com/auth/forms.body https://www.googleapis.com/auth/forms.body.readonly https://www.googleapis.com/auth/forms.responses.readonly,https://www.googleapis.com/auth/drive.readonly https://www.googleapis.com/auth/forms.body.readonly https://www.googleapis.com/auth/forms.responses.readonly,"Renew an existing watch for seven days. The state of the watch after renewal is `ACTIVE`, and the `expire_time` is seven days from the renewal. Renewing a watch in an error state (e.g. `SUSPENDED`) succeeds if the error is no longer present, but fail otherwise. After a watch has expired, RenewWatch "
gmail,v1,gmail.users.drafts.create,users.drafts,POST,gmail/v1/users/{userId}/drafts,MUTATING,https://mail.google.com/ https://www.googleapis.com/auth/gmail.addons.current.action.compose https://www.googleapis.com/auth/gmail.compose https://www.googleapis.com/auth/gmail.modify,,"Creates a draft with the `DRAFT` label. For more information, see [Create and send draft emails](https://developers.google.com/workspace/gmail/api/guides/drafts)."
gmail,v1,gmail.users.drafts.delete,users.drafts,DELETE,gmail/v1/users/{userId}/drafts/{id},MUTATING,https://mail.google.com/ https://www.googleapis.com/auth/gmail.addons.current.action.compose https://www.googleapis.com/auth/gmail.compose https://www.googleapis.com/auth/gmail.modify,,"Immediately and permanently deletes the specified draft. Does not simply trash it. For more information, see [Create and send draft emails](https://developers.google.com/workspace/gmail/api/guides/drafts)."
gmail,v1,gmail.users.drafts.get,users.drafts,GET,gmail/v1/users/{userId}/drafts/{id},READ_SAFE,https://mail.google.com/ https://www.googleapis.com/auth/gmail.compose https://www.googleapis.com/auth/gmail.modify https://www.googleapis.com/auth/gmail.readonly,https://www.googleapis.com/auth/gmail.readonly,"Gets the specified draft. For more information, see [Create and send draft emails](https://developers.google.com/workspace/gmail/api/guides/drafts)."
gmail,v1,gmail.users.drafts.list,users.drafts,GET,gmail/v1/users/{userId}/drafts,READ_SAFE,https://mail.google.com/ https://www.googleapis.com/auth/gmail.compose https://www.googleapis.com/auth/gmail.modify https://www.googleapis.com/auth/gmail.readonly,https://www.googleapis.com/auth/gmail.readonly,"Lists the drafts in the user's mailbox. For more information, see [Create and send draft emails](https://developers.google.com/workspace/gmail/api/guides/drafts)."
gmail,v1,gmail.users.drafts.send,users.drafts,POST,gmail/v1/users/{userId}/drafts/send,MUTATING,https://mail.google.com/ https://www.googleapis.com/auth/gmail.addons.current.action.compose https://www.googleapis.com/auth/gmail.compose https://www.googleapis.com/auth/gmail.modify,,"Sends the specified, existing draft to the recipients in the `To`, `Cc`, and `Bcc` headers. For more information, see [Create and send draft emails](https://developers.google.com/workspace/gmail/api/guides/drafts)."
gmail,v1,gmail.users.drafts.update,users.drafts,PUT,gmail/v1/users/{userId}/drafts/{id},MUTATING,https://mail.google.com/ https://www.googleapis.com/auth/gmail.addons.current.action.compose https://www.googleapis.com/auth/gmail.compose https://www.googleapis.com/auth/gmail.modify,,"Replaces a draft's content. For more information, see [Create and send draft emails](https://developers.google.com/workspace/gmail/api/guides/drafts)."
gmail,v1,gmail.users.getProfile,users,GET,gmail/v1/users/{userId}/profile,READ_SAFE,https://mail.google.com/ https://www.googleapis.com/auth/gmail.compose https://www.googleapis.com/auth/gmail.metadata https://www.googleapis.com/auth/gmail.modify https://www.googleapis.com/auth/gmail.readonly,https://www.googleapis.com/auth/gmail.readonly,Gets the current user's Gmail profile.
gmail,v1,gmail.users.history.list,users.history,GET,gmail/v1/users/{userId}/history,READ_SAFE,https://mail.google.com/ https://www.googleapis.com/auth/gmail.metadata https://www.googleapis.com/auth/gmail.modify https://www.googleapis.com/auth/gmail.readonly,https://www.googleapis.com/auth/gmail.readonly,"Lists the history of all changes to the given mailbox. History results are returned in chronological order (increasing `historyId`). For more information, see [Synchronize clients with Gmail](https://developers.google.com/workspace/gmail/api/guides/sync)."
gmail,v1,gmail.users.labels.create,users.labels,POST,gmail/v1/users/{userId}/labels,MUTATING,https://mail.google.com/ https://www.googleapis.com/auth/gmail.labels https://www.googleapis.com/auth/gmail.modify,,"Creates a label. For more information, see [Manage labels](https://developers.google.com/workspace/gmail/api/guides/labels)."
gmail,v1,gmail.users.labels.delete,users.labels,DELETE,gmail/v1/users/{userId}/labels/{id},MUTATING,https://mail.google.com/ https://www.googleapis.com/auth/gmail.labels https://www.googleapis.com/auth/gmail.modify,,"Immediately and permanently deletes the specified label and removes it from any messages and threads that it's applied to. For more information, see [Manage labels](https://developers.google.com/workspace/gmail/api/guides/labels)."
gmail,v1,gmail.users.labels.get,users.labels,GET,gmail/v1/users/{userId}/labels/{id},READ_SAFE,https://mail.google.com/ https://www.googleapis.com/auth/gmail.labels https://www.googleapis.com/auth/gmail.metadata https://www.googleapis.com/auth/gmail.modify https://www.googleapis.com/auth/gmail.readonly,https://www.googleapis.com/auth/gmail.readonly,"Gets the specified label. For more information, see [Manage labels](https://developers.google.com/workspace/gmail/api/guides/labels)."
gmail,v1,gmail.users.labels.list,users.labels,GET,gmail/v1/users/{userId}/labels,READ_SAFE,https://mail.google.com/ https://www.googleapis.com/auth/gmail.labels https://www.googleapis.com/auth/gmail.metadata https://www.googleapis.com/auth/gmail.modify https://www.googleapis.com/auth/gmail.readonly,https://www.googleapis.com/auth/gmail.readonly,"Lists all labels in the user's mailbox. For more information, see [Manage labels](https://developers.google.com/workspace/gmail/api/guides/labels)."
gmail,v1,gmail.users.labels.patch,users.labels,PATCH,gmail/v1/users/{userId}/labels/{id},MUTATING,https://mail.google.com/ https://www.googleapis.com/auth/gmail.labels https://www.googleapis.com/auth/gmail.modify,,"Patch the specified label. For more information, see [Manage labels](https://developers.google.com/workspace/gmail/api/guides/labels)."
gmail,v1,gmail.users.labels.update,users.labels,PUT,gmail/v1/users/{userId}/labels/{id},MUTATING,https://mail.google.com/ https://www.googleapis.com/auth/gmail.labels https://www.googleapis.com/auth/gmail.modify,,"Updates the specified label. For more information, see [Manage labels](https://developers.google.com/workspace/gmail/api/guides/labels)."
gmail,v1,gmail.users.messages.attachments.get,users.messages.attachments,GET,gmail/v1/users/{userId}/messages/{messageId}/attachments/{id},READ_SAFE,https://mail.google.com/ https://www.googleapis.com/auth/gmail.addons.current.message.action https://www.googleapis.com/auth/gmail.addons.current.message.readonly https://www.googleapis.com/auth/gmail.modify https://www.googleapis.com/auth/gmail.readonly,https://www.googleapis.com/auth/gmail.addons.current.message.readonly https://www.googleapis.com/auth/gmail.readonly,Gets the specified message attachment.
gmail,v1,gmail.users.messages.batchDelete,users.messages,POST,gmail/v1/users/{userId}/messages/batchDelete,MUTATING,https://mail.google.com/,,Deletes many messages by message ID. Provides no guarantees that messages were not already deleted or even existed at all.
gmail,v1,gmail.users.messages.batchModify,users.messages,POST,gmail/v1/users/{userId}/messages/batchModify,MUTATING,https://mail.google.com/ https://www.googleapis.com/auth/gmail.modify,,"Modifies the labels and the Classification Label values on the specified messages. For administrators modifying messages for users in their organization, requests require authorization with a [service account](https://developers.google.com/identity/protocols/OAuth2ServiceAccount) that has [domain-wi"
gmail,v1,gmail.users.messages.delete,users.messages,DELETE,gmail/v1/users/{userId}/messages/{id},MUTATING,https://mail.google.com/,,Immediately and permanently deletes the specified message. This operation cannot be undone. Prefer `messages.trash` instead.
gmail,v1,gmail.users.messages.get,users.messages,GET,gmail/v1/users/{userId}/messages/{id},READ_SAFE,https://mail.google.com/ https://www.googleapis.com/auth/gmail.addons.current.message.action https://www.googleapis.com/auth/gmail.addons.current.message.metadata https://www.googleapis.com/auth/gmail.addons.current.message.readonly https://www.googleapis.com/auth/gmail.metadata https://www.googleapis.com/auth/gmail.modify https://www.googleapis.com/auth/gmail.readonly,https://www.googleapis.com/auth/gmail.addons.current.message.readonly https://www.googleapis.com/auth/gmail.readonly,Gets the specified message.
gmail,v1,gmail.users.messages.import,users.messages,POST,gmail/v1/users/{userId}/messages/import,MUTATING,https://mail.google.com/ https://www.googleapis.com/auth/gmail.insert https://www.googleapis.com/auth/gmail.modify,,"Imports a message into only this user's mailbox, with standard email delivery scanning and classification similar to receiving via SMTP. This method doesn't perform SPF checks, so it might not work for some spam messages, such as those attempting to perform domain spoofing. This method does not send"
gmail,v1,gmail.users.messages.insert,users.messages,POST,gmail/v1/users/{userId}/messages,MUTATING,https://mail.google.com/ https://www.googleapis.com/auth/gmail.insert https://www.googleapis.com/auth/gmail.modify,,"Directly inserts a message into only this user's mailbox similar to `IMAP APPEND`, bypassing most scanning and classification. Does not send a message. For more information, see [Create and send email messages](https://developers.google.com/workspace/gmail/api/guides/sending)."
gmail,v1,gmail.users.messages.list,users.messages,GET,gmail/v1/users/{userId}/messages,READ_SAFE,https://mail.google.com/ https://www.googleapis.com/auth/gmail.metadata https://www.googleapis.com/auth/gmail.modify https://www.googleapis.com/auth/gmail.readonly,https://www.googleapis.com/auth/gmail.readonly,"Lists the messages in the user's mailbox. For more information, see [List Gmail messages](https://developers.google.com/workspace/gmail/api/guides/list-messages)."
gmail,v1,gmail.users.messages.modify,users.messages,POST,gmail/v1/users/{userId}/messages/{id}/modify,MUTATING,https://mail.google.com/ https://www.googleapis.com/auth/gmail.modify,,"Modifies the labels and the Classification Label values on the specified message. For administrators modifying message for users in their organization, requests require authorization with a [service account](https://developers.google.com/identity/protocols/OAuth2ServiceAccount) that has [domain-wide"
gmail,v1,gmail.users.messages.send,users.messages,POST,gmail/v1/users/{userId}/messages/send,MUTATING,https://mail.google.com/ https://www.googleapis.com/auth/gmail.addons.current.action.compose https://www.googleapis.com/auth/gmail.compose https://www.googleapis.com/auth/gmail.modify https://www.googleapis.com/auth/gmail.send,,"Sends the specified message to the recipients in the `To`, `Cc`, and `Bcc` headers. For more information, see [Create and send email messages](https://developers.google.com/workspace/gmail/api/guides/sending)."
gmail,v1,gmail.users.messages.trash,users.messages,POST,gmail/v1/users/{userId}/messages/{id}/trash,MUTATING,https://mail.google.com/ https://www.googleapis.com/auth/gmail.modify,,Moves the specified message to the trash.
gmail,v1,gmail.users.messages.untrash,users.messages,POST,gmail/v1/users/{userId}/messages/{id}/untrash,MUTATING,https://mail.google.com/ https://www.googleapis.com/auth/gmail.modify,,Removes the specified message from the trash.
gmail,v1,gmail.users.settings.cse.identities.create,users.settings.cse.identities,POST,gmail/v1/users/{userId}/settings/cse/identities,MUTATING,https://www.googleapis.com/auth/gmail.settings.basic https://www.googleapis.com/auth/gmail.settings.sharing,,Creates and configures a client-side encryption identity that's authorized to send mail from the user account. Google publishes the S/MIME certificate to a shared domain-wide directory so that people within a Google Workspace organization can encrypt and send mail to the identity. For administrators
gmail,v1,gmail.users.settings.cse.identities.delete,users.settings.cse.identities,DELETE,gmail/v1/users/{userId}/settings/cse/identities/{cseEmailAddress},MUTATING,https://www.googleapis.com/auth/gmail.settings.basic https://www.googleapis.com/auth/gmail.settings.sharing,,"Deletes a client-side encryption identity. The authenticated user can no longer use the identity to send encrypted messages. You cannot restore the identity after you delete it. Instead, use the CreateCseIdentity method to create another identity with the same configuration. For administrators manag"
gmail,v1,gmail.users.settings.cse.identities.get,users.settings.cse.identities,GET,gmail/v1/users/{userId}/settings/cse/identities/{cseEmailAddress},READ_SAFE,https://mail.google.com/ https://www.googleapis.com/auth/gmail.modify https://www.googleapis.com/auth/gmail.readonly https://www.googleapis.com/auth/gmail.settings.basic https://www.googleapis.com/auth/gmail.settings.sharing,https://www.googleapis.com/auth/gmail.readonly,"Retrieves a client-side encryption identity configuration. For administrators managing identities and keypairs for users in their organization, requests require authorization with a [service account](https://developers.google.com/identity/protocols/OAuth2ServiceAccount) that has [domain-wide delegat"
gmail,v1,gmail.users.settings.cse.identities.list,users.settings.cse.identities,GET,gmail/v1/users/{userId}/settings/cse/identities,READ_SAFE,https://mail.google.com/ https://www.googleapis.com/auth/gmail.modify https://www.googleapis.com/auth/gmail.readonly https://www.googleapis.com/auth/gmail.settings.basic https://www.googleapis.com/auth/gmail.settings.sharing,https://www.googleapis.com/auth/gmail.readonly,"Lists the client-side encrypted identities for an authenticated user. For administrators managing identities and keypairs for users in their organization, requests require authorization with a [service account](https://developers.google.com/identity/protocols/OAuth2ServiceAccount) that has [domain-w"
gmail,v1,gmail.users.settings.cse.identities.patch,users.settings.cse.identities,PATCH,gmail/v1/users/{userId}/settings/cse/identities/{emailAddress},MUTATING,https://www.googleapis.com/auth/gmail.settings.basic https://www.googleapis.com/auth/gmail.settings.sharing,,"Associates a different key pair with an existing client-side encryption identity. The updated key pair must validate against Google's [S/MIME certificate profiles](https://support.google.com/a/answer/7300887). For administrators managing identities and keypairs for users in their organization, reque"
gmail,v1,gmail.users.settings.cse.keypairs.create,users.settings.cse.keypairs,POST,gmail/v1/users/{userId}/settings/cse/keypairs,MUTATING,https://www.googleapis.com/auth/gmail.settings.basic https://www.googleapis.com/auth/gmail.settings.sharing,,"Creates and uploads a client-side encryption S/MIME public key certificate chain and private key metadata for the authenticated user. For administrators managing identities and keypairs for users in their organization, requests require authorization with a [service account](https://developers.google"
gmail,v1,gmail.users.settings.cse.keypairs.disable,users.settings.cse.keypairs,POST,gmail/v1/users/{userId}/settings/cse/keypairs/{keyPairId}:disable,MUTATING,https://www.googleapis.com/auth/gmail.settings.basic https://www.googleapis.com/auth/gmail.settings.sharing,,"Turns off a client-side encryption key pair. The authenticated user can no longer use the key pair to decrypt incoming CSE message texts or sign outgoing CSE mail. To regain access, use the EnableCseKeyPair to turn on the key pair. After 30 days, you can permanently delete the key pair by using the "
gmail,v1,gmail.users.settings.cse.keypairs.enable,users.settings.cse.keypairs,POST,gmail/v1/users/{userId}/settings/cse/keypairs/{keyPairId}:enable,MUTATING,https://www.googleapis.com/auth/gmail.settings.basic https://www.googleapis.com/auth/gmail.settings.sharing,,"Turns on a client-side encryption key pair that was turned off. The key pair becomes active again for any associated client-side encryption identities. For administrators managing identities and keypairs for users in their organization, requests require authorization with a [service account](https:/"
gmail,v1,gmail.users.settings.cse.keypairs.get,users.settings.cse.keypairs,GET,gmail/v1/users/{userId}/settings/cse/keypairs/{keyPairId},READ_SAFE,https://mail.google.com/ https://www.googleapis.com/auth/gmail.modify https://www.googleapis.com/auth/gmail.readonly https://www.googleapis.com/auth/gmail.settings.basic https://www.googleapis.com/auth/gmail.settings.sharing,https://www.googleapis.com/auth/gmail.readonly,"Retrieves an existing client-side encryption key pair. For administrators managing identities and keypairs for users in their organization, requests require authorization with a [service account](https://developers.google.com/identity/protocols/OAuth2ServiceAccount) that has [domain-wide delegation "
gmail,v1,gmail.users.settings.cse.keypairs.list,users.settings.cse.keypairs,GET,gmail/v1/users/{userId}/settings/cse/keypairs,READ_SAFE,https://mail.google.com/ https://www.googleapis.com/auth/gmail.modify https://www.googleapis.com/auth/gmail.readonly https://www.googleapis.com/auth/gmail.settings.basic https://www.googleapis.com/auth/gmail.settings.sharing,https://www.googleapis.com/auth/gmail.readonly,"Lists client-side encryption key pairs for an authenticated user. For administrators managing identities and keypairs for users in their organization, requests require authorization with a [service account](https://developers.google.com/identity/protocols/OAuth2ServiceAccount) that has [domain-wide "
gmail,v1,gmail.users.settings.cse.keypairs.obliterate,users.settings.cse.keypairs,POST,gmail/v1/users/{userId}/settings/cse/keypairs/{keyPairId}:obliterate,MUTATING,https://www.googleapis.com/auth/gmail.settings.basic https://www.googleapis.com/auth/gmail.settings.sharing,,"Deletes a client-side encryption key pair permanently and immediately. You can only permanently delete key pairs that have been turned off for more than 30 days. To turn off a key pair, use the DisableCseKeyPair method. Gmail can't restore or decrypt any messages that were encrypted by an obliterate"
gmail,v1,gmail.users.settings.delegates.create,users.settings.delegates,POST,gmail/v1/users/{userId}/settings/delegates,MUTATING,https://www.googleapis.com/auth/gmail.settings.sharing,,"Adds a delegate with its verification status set directly to `accepted`, without sending any verification email. The delegate user must be a member of the same Google Workspace organization as the delegator user. For more information, see [Manage delegates](https://developers.google.com/workspace/gm"
gmail,v1,gmail.users.settings.delegates.delete,users.settings.delegates,DELETE,gmail/v1/users/{userId}/settings/delegates/{delegateEmail},MUTATING,https://www.googleapis.com/auth/gmail.settings.sharing,,"Removes the specified delegate (which can be of any verification status), and revokes any verification that may have been required for using it. For more information, see [Manage delegates](https://developers.google.com/workspace/gmail/api/guides/delegate_settings). A delegate user must be referred "
gmail,v1,gmail.users.settings.delegates.get,users.settings.delegates,GET,gmail/v1/users/{userId}/settings/delegates/{delegateEmail},READ_SAFE,https://mail.google.com/ https://www.googleapis.com/auth/gmail.modify https://www.googleapis.com/auth/gmail.readonly https://www.googleapis.com/auth/gmail.settings.basic,https://www.googleapis.com/auth/gmail.readonly,"Gets the specified delegate. For more information, see [Manage delegates](https://developers.google.com/workspace/gmail/api/guides/delegate_settings). A delegate user must be referred to by their primary email address, and not an email alias. This method is only available to service account clients "
gmail,v1,gmail.users.settings.delegates.list,users.settings.delegates,GET,gmail/v1/users/{userId}/settings/delegates,READ_SAFE,https://mail.google.com/ https://www.googleapis.com/auth/gmail.modify https://www.googleapis.com/auth/gmail.readonly https://www.googleapis.com/auth/gmail.settings.basic,https://www.googleapis.com/auth/gmail.readonly,"Lists the delegates for the specified account. For more information, see [Manage delegates](https://developers.google.com/workspace/gmail/api/guides/delegate_settings). This method is only available to service account clients that have been delegated domain-wide authority."
gmail,v1,gmail.users.settings.filters.create,users.settings.filters,POST,gmail/v1/users/{userId}/settings/filters,MUTATING,https://www.googleapis.com/auth/gmail.settings.basic,,"Creates a filter. Note: you can only create a maximum of 1,000 filters. For more information, see [Manage Gmail filters](https://developers.google.com/workspace/gmail/api/guides/filter_settings)."
gmail,v1,gmail.users.settings.filters.delete,users.settings.filters,DELETE,gmail/v1/users/{userId}/settings/filters/{id},MUTATING,https://www.googleapis.com/auth/gmail.settings.basic,,"Immediately and permanently deletes the specified filter. For more information, see [Manage Gmail filters](https://developers.google.com/workspace/gmail/api/guides/filter_settings)."
gmail,v1,gmail.users.settings.filters.get,users.settings.filters,GET,gmail/v1/users/{userId}/settings/filters/{id},READ_SAFE,https://mail.google.com/ https://www.googleapis.com/auth/gmail.modify https://www.googleapis.com/auth/gmail.readonly https://www.googleapis.com/auth/gmail.settings.basic,https://www.googleapis.com/auth/gmail.readonly,"Gets a filter. For more information, see [Manage Gmail filters](https://developers.google.com/workspace/gmail/api/guides/filter_settings)."
gmail,v1,gmail.users.settings.filters.list,users.settings.filters,GET,gmail/v1/users/{userId}/settings/filters,READ_SAFE,https://mail.google.com/ https://www.googleapis.com/auth/gmail.modify https://www.googleapis.com/auth/gmail.readonly https://www.googleapis.com/auth/gmail.settings.basic,https://www.googleapis.com/auth/gmail.readonly,"Lists the message filters of a Gmail user. For more information, see [Manage Gmail filters](https://developers.google.com/workspace/gmail/api/guides/filter_settings)."
gmail,v1,gmail.users.settings.forwardingAddresses.create,users.settings.forwardingAddresses,POST,gmail/v1/users/{userId}/settings/forwardingAddresses,MUTATING,https://www.googleapis.com/auth/gmail.settings.sharing,,"Creates a forwarding address. If ownership verification is required, a message will be sent to the recipient and the resource's verification status will be set to `pending`; otherwise, the resource will be created with verification status set to `accepted`. For more information, see [Manage email fo"
gmail,v1,gmail.users.settings.forwardingAddresses.delete,users.settings.forwardingAddresses,DELETE,gmail/v1/users/{userId}/settings/forwardingAddresses/{forwardingEmail},MUTATING,https://www.googleapis.com/auth/gmail.settings.sharing,,"Deletes the specified forwarding address and revokes any verification that may have been required. For more information, see [Manage email forwarding](https://developers.google.com/workspace/gmail/api/guides/forwarding_settings). This method is only available to service account clients that have bee"
gmail,v1,gmail.users.settings.forwardingAddresses.get,users.settings.forwardingAddresses,GET,gmail/v1/users/{userId}/settings/forwardingAddresses/{forwardingEmail},READ_SAFE,https://mail.google.com/ https://www.googleapis.com/auth/gmail.modify https://www.googleapis.com/auth/gmail.readonly https://www.googleapis.com/auth/gmail.settings.basic,https://www.googleapis.com/auth/gmail.readonly,"Gets the specified forwarding address. For more information, see [Manage email forwarding](https://developers.google.com/workspace/gmail/api/guides/forwarding_settings)."
gmail,v1,gmail.users.settings.forwardingAddresses.list,users.settings.forwardingAddresses,GET,gmail/v1/users/{userId}/settings/forwardingAddresses,READ_SAFE,https://mail.google.com/ https://www.googleapis.com/auth/gmail.modify https://www.googleapis.com/auth/gmail.readonly https://www.googleapis.com/auth/gmail.settings.basic,https://www.googleapis.com/auth/gmail.readonly,"Lists the forwarding addresses for the specified account. For more information, see [Manage email forwarding](https://developers.google.com/workspace/gmail/api/guides/forwarding_settings)."
gmail,v1,gmail.users.settings.getAutoForwarding,users.settings,GET,gmail/v1/users/{userId}/settings/autoForwarding,READ_SAFE,https://mail.google.com/ https://www.googleapis.com/auth/gmail.modify https://www.googleapis.com/auth/gmail.readonly https://www.googleapis.com/auth/gmail.settings.basic,https://www.googleapis.com/auth/gmail.readonly,"Gets the auto-forwarding setting for the specified account. For more information, see [Manage email forwarding](https://developers.google.com/workspace/gmail/api/guides/forwarding_settings)."
gmail,v1,gmail.users.settings.getImap,users.settings,GET,gmail/v1/users/{userId}/settings/imap,READ_SAFE,https://mail.google.com/ https://www.googleapis.com/auth/gmail.modify https://www.googleapis.com/auth/gmail.readonly https://www.googleapis.com/auth/gmail.settings.basic,https://www.googleapis.com/auth/gmail.readonly,"Gets IMAP settings. For more information, see [Configure POP and IMAP settings with the Gmail API](https://developers.google.com/workspace/gmail/api/guides/pop_imap_settings)."
gmail,v1,gmail.users.settings.getLanguage,users.settings,GET,gmail/v1/users/{userId}/settings/language,READ_SAFE,https://mail.google.com/ https://www.googleapis.com/auth/gmail.modify https://www.googleapis.com/auth/gmail.readonly https://www.googleapis.com/auth/gmail.settings.basic,https://www.googleapis.com/auth/gmail.readonly,"Gets language settings. For more information, see [Manage language settings](https://developers.google.com/workspace/gmail/api/guides/language-settings)."
gmail,v1,gmail.users.settings.getPop,users.settings,GET,gmail/v1/users/{userId}/settings/pop,READ_SAFE,https://mail.google.com/ https://www.googleapis.com/auth/gmail.modify https://www.googleapis.com/auth/gmail.readonly https://www.googleapis.com/auth/gmail.settings.basic,https://www.googleapis.com/auth/gmail.readonly,"Gets POP settings. For more information, see [Configure POP and IMAP settings with the Gmail API](https://developers.google.com/workspace/gmail/api/guides/pop_imap_settings)."
gmail,v1,gmail.users.settings.getVacation,users.settings,GET,gmail/v1/users/{userId}/settings/vacation,READ_SAFE,https://mail.google.com/ https://www.googleapis.com/auth/gmail.modify https://www.googleapis.com/auth/gmail.readonly https://www.googleapis.com/auth/gmail.settings.basic,https://www.googleapis.com/auth/gmail.readonly,"Gets vacation responder settings. For more information, see [Manage vacation settings with the Gmail API](https://developers.google.com/workspace/gmail/api/guides/vacation_settings)."
gmail,v1,gmail.users.settings.sendAs.create,users.settings.sendAs,POST,gmail/v1/users/{userId}/settings/sendAs,MUTATING,https://www.googleapis.com/auth/gmail.settings.sharing,,"Creates a custom ""from"" send-as alias. If an SMTP MSA is specified, Gmail will attempt to connect to the SMTP service to validate the configuration before creating the alias. If ownership verification is required for the alias, a message will be sent to the email address and the resource's verificat"
gmail,v1,gmail.users.settings.sendAs.delete,users.settings.sendAs,DELETE,gmail/v1/users/{userId}/settings/sendAs/{sendAsEmail},MUTATING,https://www.googleapis.com/auth/gmail.settings.sharing,,"Deletes the specified send-as alias. Revokes any verification that may have been required for using it. For more information, see [Manage aliases and signatures with the Gmail API](https://developers.google.com/workspace/gmail/api/guides/alias_and_signature_settings). This method is only available t"
gmail,v1,gmail.users.settings.sendAs.get,users.settings.sendAs,GET,gmail/v1/users/{userId}/settings/sendAs/{sendAsEmail},READ_SAFE,https://mail.google.com/ https://www.googleapis.com/auth/gmail.modify https://www.googleapis.com/auth/gmail.readonly https://www.googleapis.com/auth/gmail.settings.basic,https://www.googleapis.com/auth/gmail.readonly,"Gets the specified send-as alias. Fails with an HTTP 404 error if the specified address is not a member of the collection. For more information, see [Manage aliases and signatures with the Gmail API](https://developers.google.com/workspace/gmail/api/guides/alias_and_signature_settings)."
gmail,v1,gmail.users.settings.sendAs.list,users.settings.sendAs,GET,gmail/v1/users/{userId}/settings/sendAs,READ_SAFE,https://mail.google.com/ https://www.googleapis.com/auth/gmail.modify https://www.googleapis.com/auth/gmail.readonly https://www.googleapis.com/auth/gmail.settings.basic,https://www.googleapis.com/auth/gmail.readonly,"Lists the send-as aliases for the specified account. The result includes the primary send-as address associated with the account as well as any custom ""from"" aliases. For more information, see [Manage aliases and signatures with the Gmail API](https://developers.google.com/workspace/gmail/api/guides"
gmail,v1,gmail.users.settings.sendAs.patch,users.settings.sendAs,PATCH,gmail/v1/users/{userId}/settings/sendAs/{sendAsEmail},MUTATING,https://www.googleapis.com/auth/gmail.settings.basic https://www.googleapis.com/auth/gmail.settings.sharing,,"Patch the specified send-as alias. For more information, see [Manage aliases and signatures with the Gmail API](https://developers.google.com/workspace/gmail/api/guides/alias_and_signature_settings)."
gmail,v1,gmail.users.settings.sendAs.smimeInfo.delete,users.settings.sendAs.smimeInfo,DELETE,gmail/v1/users/{userId}/settings/sendAs/{sendAsEmail}/smimeInfo/{id},MUTATING,https://www.googleapis.com/auth/gmail.settings.basic https://www.googleapis.com/auth/gmail.settings.sharing,,"Deletes the specified S/MIME config for the specified send-as alias. For more information, see [Manage S/MIME certificates with the Gmail API](https://developers.google.com/workspace/gmail/api/guides/smime_certs)."
gmail,v1,gmail.users.settings.sendAs.smimeInfo.get,users.settings.sendAs.smimeInfo,GET,gmail/v1/users/{userId}/settings/sendAs/{sendAsEmail}/smimeInfo/{id},READ_SAFE,https://mail.google.com/ https://www.googleapis.com/auth/gmail.modify https://www.googleapis.com/auth/gmail.readonly https://www.googleapis.com/auth/gmail.settings.basic https://www.googleapis.com/auth/gmail.settings.sharing,https://www.googleapis.com/auth/gmail.readonly,"Gets the specified S/MIME config for the specified send-as alias. For more information, see [Manage S/MIME certificates with the Gmail API](https://developers.google.com/workspace/gmail/api/guides/smime_certs)."
gmail,v1,gmail.users.settings.sendAs.smimeInfo.insert,users.settings.sendAs.smimeInfo,POST,gmail/v1/users/{userId}/settings/sendAs/{sendAsEmail}/smimeInfo,MUTATING,https://www.googleapis.com/auth/gmail.settings.basic https://www.googleapis.com/auth/gmail.settings.sharing,,"Insert (upload) the given S/MIME config for the specified send-as alias. Note that `pkcs12` format is required for the key. For more information, see [Manage S/MIME certificates with the Gmail API](https://developers.google.com/workspace/gmail/api/guides/smime_certs)."
gmail,v1,gmail.users.settings.sendAs.smimeInfo.list,users.settings.sendAs.smimeInfo,GET,gmail/v1/users/{userId}/settings/sendAs/{sendAsEmail}/smimeInfo,READ_SAFE,https://mail.google.com/ https://www.googleapis.com/auth/gmail.modify https://www.googleapis.com/auth/gmail.readonly https://www.googleapis.com/auth/gmail.settings.basic https://www.googleapis.com/auth/gmail.settings.sharing,https://www.googleapis.com/auth/gmail.readonly,"Lists S/MIME configs for the specified send-as alias. For more information, see [Manage S/MIME certificates with the Gmail API](https://developers.google.com/workspace/gmail/api/guides/smime_certs)."
gmail,v1,gmail.users.settings.sendAs.smimeInfo.setDefault,users.settings.sendAs.smimeInfo,POST,gmail/v1/users/{userId}/settings/sendAs/{sendAsEmail}/smimeInfo/{id}/setDefault,MUTATING,https://www.googleapis.com/auth/gmail.settings.basic https://www.googleapis.com/auth/gmail.settings.sharing,,"Sets the default S/MIME config for the specified send-as alias. For more information, see [Manage S/MIME certificates with the Gmail API](https://developers.google.com/workspace/gmail/api/guides/smime_certs)."
gmail,v1,gmail.users.settings.sendAs.update,users.settings.sendAs,PUT,gmail/v1/users/{userId}/settings/sendAs/{sendAsEmail},MUTATING,https://www.googleapis.com/auth/gmail.settings.basic https://www.googleapis.com/auth/gmail.settings.sharing,,"Updates a send-as alias. If a signature is provided, Gmail will sanitize the HTML before saving it with the alias. For more information, see [Manage aliases and signatures with the Gmail API](https://developers.google.com/workspace/gmail/api/guides/alias_and_signature_settings). Addresses other than"
gmail,v1,gmail.users.settings.sendAs.verify,users.settings.sendAs,POST,gmail/v1/users/{userId}/settings/sendAs/{sendAsEmail}/verify,MUTATING,https://www.googleapis.com/auth/gmail.settings.sharing,,"Sends a verification email to the specified send-as alias address. The verification status must be `pending`. For more information, see [Manage aliases and signatures with the Gmail API](https://developers.google.com/workspace/gmail/api/guides/alias_and_signature_settings). This method is only avail"
gmail,v1,gmail.users.settings.updateAutoForwarding,users.settings,PUT,gmail/v1/users/{userId}/settings/autoForwarding,MUTATING,https://www.googleapis.com/auth/gmail.settings.sharing,,"Updates the auto-forwarding setting for the specified account. A verified forwarding address must be specified when auto-forwarding is enabled. For more information, see [Manage email forwarding](https://developers.google.com/workspace/gmail/api/guides/forwarding_settings). This method is only avail"
gmail,v1,gmail.users.settings.updateImap,users.settings,PUT,gmail/v1/users/{userId}/settings/imap,MUTATING,https://www.googleapis.com/auth/gmail.settings.basic,,"Updates IMAP settings. For more information, see [Configure POP and IMAP settings with the Gmail API](https://developers.google.com/workspace/gmail/api/guides/pop_imap_settings)."
gmail,v1,gmail.users.settings.updateLanguage,users.settings,PUT,gmail/v1/users/{userId}/settings/language,MUTATING,https://www.googleapis.com/auth/gmail.settings.basic,,"Updates language settings. For more information, see [Manage language settings](https://developers.google.com/workspace/gmail/api/guides/language-settings). If successful, the return object contains the `displayLanguage` that was saved for the user, which may differ from the value passed into the re"
gmail,v1,gmail.users.settings.updatePop,users.settings,PUT,gmail/v1/users/{userId}/settings/pop,MUTATING,https://www.googleapis.com/auth/gmail.settings.basic,,"Updates POP settings. For more information, see [Configure POP and IMAP settings with the Gmail API](https://developers.google.com/workspace/gmail/api/guides/pop_imap_settings)."
gmail,v1,gmail.users.settings.updateVacation,users.settings,PUT,gmail/v1/users/{userId}/settings/vacation,MUTATING,https://www.googleapis.com/auth/gmail.settings.basic,,"Updates vacation responder settings. For more information, see [Manage vacation settings with the Gmail API](https://developers.google.com/workspace/gmail/api/guides/vacation_settings)."
gmail,v1,gmail.users.stop,users,POST,gmail/v1/users/{userId}/stop,MUTATING,https://mail.google.com/ https://www.googleapis.com/auth/gmail.metadata https://www.googleapis.com/auth/gmail.modify https://www.googleapis.com/auth/gmail.readonly,https://www.googleapis.com/auth/gmail.readonly,"Turn off push notification delivery for the given user mailbox. For more information, see [Configure push notifications in Gmail API](https://developers.google.com/workspace/gmail/api/guides/push)."
gmail,v1,gmail.users.threads.delete,users.threads,DELETE,gmail/v1/users/{userId}/threads/{id},MUTATING,https://mail.google.com/,,"Immediately and permanently deletes the specified thread. Any messages that belong to the thread are also deleted. This operation cannot be undone. Prefer `threads.trash` instead. For more information, see [Manage threads](https://developers.google.com/workspace/gmail/api/guides/threads)."
gmail,v1,gmail.users.threads.get,users.threads,GET,gmail/v1/users/{userId}/threads/{id},READ_SAFE,https://mail.google.com/ https://www.googleapis.com/auth/gmail.addons.current.message.action https://www.googleapis.com/auth/gmail.addons.current.message.metadata https://www.googleapis.com/auth/gmail.addons.current.message.readonly https://www.googleapis.com/auth/gmail.metadata https://www.googleapis.com/auth/gmail.modify https://www.googleapis.com/auth/gmail.readonly,https://www.googleapis.com/auth/gmail.addons.current.message.readonly https://www.googleapis.com/auth/gmail.readonly,"Gets the specified thread. For more information, see [Manage threads](https://developers.google.com/workspace/gmail/api/guides/threads)."
gmail,v1,gmail.users.threads.list,users.threads,GET,gmail/v1/users/{userId}/threads,READ_SAFE,https://mail.google.com/ https://www.googleapis.com/auth/gmail.metadata https://www.googleapis.com/auth/gmail.modify https://www.googleapis.com/auth/gmail.readonly,https://www.googleapis.com/auth/gmail.readonly,"Lists the threads in the user's mailbox. For more information, see [Manage threads](https://developers.google.com/workspace/gmail/api/guides/threads)."
gmail,v1,gmail.users.threads.modify,users.threads,POST,gmail/v1/users/{userId}/threads/{id}/modify,MUTATING,https://mail.google.com/ https://www.googleapis.com/auth/gmail.modify,,"Modifies the labels applied to the thread. This applies to all messages in the thread. For more information, see [Manage threads](https://developers.google.com/workspace/gmail/api/guides/threads)."
gmail,v1,gmail.users.threads.trash,users.threads,POST,gmail/v1/users/{userId}/threads/{id}/trash,MUTATING,https://mail.google.com/ https://www.googleapis.com/auth/gmail.modify,,"Moves the specified thread to the trash. Any messages that belong to the thread are also moved to the trash. For more information, see [Manage threads](https://developers.google.com/workspace/gmail/api/guides/threads)."
gmail,v1,gmail.users.threads.untrash,users.threads,POST,gmail/v1/users/{userId}/threads/{id}/untrash,MUTATING,https://mail.google.com/ https://www.googleapis.com/auth/gmail.modify,,"Removes the specified thread from the trash. Any messages that belong to the thread are also removed from the trash. For more information, see [Manage threads](https://developers.google.com/workspace/gmail/api/guides/threads)."
gmail,v1,gmail.users.watch,users,POST,gmail/v1/users/{userId}/watch,MUTATING,https://mail.google.com/ https://www.googleapis.com/auth/gmail.metadata https://www.googleapis.com/auth/gmail.modify https://www.googleapis.com/auth/gmail.readonly,https://www.googleapis.com/auth/gmail.readonly,"Set up or update a push notification watch on the given user mailbox. For more information, see [Configure push notifications in Gmail API](https://developers.google.com/workspace/gmail/api/guides/push)."
gmailpostmastertools,v2,gmailpostmastertools.domainStats.batchQuery,domainStats,POST,v2/domainStats:batchQuery,MUTATING,https://www.googleapis.com/auth/postmaster https://www.googleapis.com/auth/postmaster.traffic.readonly,https://www.googleapis.com/auth/postmaster.traffic.readonly,Executes a batch of QueryDomainStats requests for multiple domains. Returns PERMISSION_DENIED if you don't have permission to access DomainStats for any of the requested domains.
gmailpostmastertools,v2,gmailpostmastertools.domains.create,domains,POST,v2/domains,MUTATING,https://www.googleapis.com/auth/postmaster https://www.googleapis.com/auth/postmaster.domain,,[Developer Preview](https://developers.google.com/workspace/preview): Adds a domain to the user's account. Returns INVALID_ARGUMENT if a domain is not provided. Returns ALREADY_EXISTS if the domain is already registered by the user.
gmailpostmastertools,v2,gmailpostmastertools.domains.delete,domains,DELETE,v2/{+name},MUTATING,https://www.googleapis.com/auth/postmaster https://www.googleapis.com/auth/postmaster.domain,,[Developer Preview](https://developers.google.com/workspace/preview): Deletes a domain from the user's account. Returns NOT_FOUND if the domain is not registered by the user.
gmailpostmastertools,v2,gmailpostmastertools.domains.domainStats.query,domains.domainStats,POST,v2/{+parent}/domainStats:query,READ_SAFE,https://www.googleapis.com/auth/postmaster https://www.googleapis.com/auth/postmaster.traffic.readonly,https://www.googleapis.com/auth/postmaster.traffic.readonly,Retrieves a list of domain statistics for a given domain and time period. Returns statistics only for dates where data is available. Returns PERMISSION_DENIED if you don't have permission to access DomainStats for the domain.
gmailpostmastertools,v2,gmailpostmastertools.domains.get,domains,GET,v2/{+name},READ_NEEDS_RW,https://www.googleapis.com/auth/postmaster https://www.googleapis.com/auth/postmaster.domain,,Retrieves detailed information about a domain registered by you. Returns NOT_FOUND if the domain is not registered by you. Domain represents the metadata of a domain that has been registered within the system and linked to a user.
gmailpostmastertools,v2,gmailpostmastertools.domains.getComplianceStatus,domains,GET,v2/{+name},READ_SAFE,https://www.googleapis.com/auth/postmaster https://www.googleapis.com/auth/postmaster.traffic.readonly,https://www.googleapis.com/auth/postmaster.traffic.readonly,Retrieves the compliance status for a given domain. Returns PERMISSION_DENIED if you don't have permission to access compliance status for the domain.
gmailpostmastertools,v2,gmailpostmastertools.domains.getVerificationToken,domains,GET,v2/{+name},READ_NEEDS_RW,https://www.googleapis.com/auth/postmaster https://www.googleapis.com/auth/postmaster.domain,,[Developer Preview](https://developers.google.com/workspace/preview): Gets a verification token used for verifying a user's ownership over a domain.
gmailpostmastertools,v2,gmailpostmastertools.domains.list,domains,GET,v2/domains,READ_NEEDS_RW,https://www.googleapis.com/auth/postmaster https://www.googleapis.com/auth/postmaster.domain,,"Retrieves a list of all domains registered by you, along with their corresponding metadata. The order of domains in the response is unspecified and non-deterministic. Newly registered domains will not necessarily be added to the end of this list."
gmailpostmastertools,v2,gmailpostmastertools.domains.users.create,domains.users,POST,v2/{+parent}/users,MUTATING,https://www.googleapis.com/auth/postmaster https://www.googleapis.com/auth/postmaster.user,,"[Developer Preview](https://developers.google.com/workspace/preview): Creates a user, who has access to a domain. Returns INVALID_ARGUMENT if a user is not provided."
gmailpostmastertools,v2,gmailpostmastertools.domains.users.delete,domains.users,DELETE,v2/{+name},MUTATING,https://www.googleapis.com/auth/postmaster https://www.googleapis.com/auth/postmaster.user,,[Developer Preview](https://developers.google.com/workspace/preview): Deletes a user from a domain. Returns NOT_FOUND if the user does not exist.
gmailpostmastertools,v2,gmailpostmastertools.domains.users.get,domains.users,GET,v2/{+name},READ_NEEDS_RW,https://www.googleapis.com/auth/postmaster https://www.googleapis.com/auth/postmaster.user,,[Developer Preview](https://developers.google.com/workspace/preview): Retrieves detailed information about a user that has access to a domain. Returns NOT_FOUND if the user does not exist.
gmailpostmastertools,v2,gmailpostmastertools.domains.users.list,domains.users,GET,v2/{+parent}/users,READ_NEEDS_RW,https://www.googleapis.com/auth/postmaster https://www.googleapis.com/auth/postmaster.user,,[Developer Preview](https://developers.google.com/workspace/preview): Lists the users that have access to a domain.
gmailpostmastertools,v2,gmailpostmastertools.domains.users.patch,domains.users,PATCH,v2/{+name},MUTATING,https://www.googleapis.com/auth/postmaster https://www.googleapis.com/auth/postmaster.user,,"[Developer Preview](https://developers.google.com/workspace/preview): Updates a user for a domain. Only Owners and Admins can execute this RPC, only a user's domain permission will be allowed to be updated. Returns NOT_FOUND if the user does not exist. Returns INVALID_ARGUMENT if a permission is not"
gmailpostmastertools,v2,gmailpostmastertools.domains.verify,domains,POST,v2/{+name}:verify,MUTATING,https://www.googleapis.com/auth/postmaster https://www.googleapis.com/auth/postmaster.domain,,[Developer Preview](https://developers.google.com/workspace/preview): Verifies a user's ownership of a domain at the DNS level. Note that this is distinct from checking if the user has OWNER status within IRDB.
groupssettings,v1,groupsSettings.groups.get,groups,GET,{groupUniqueId},READ_NEEDS_RW,https://www.googleapis.com/auth/apps.groups.settings,,Gets one resource by id.
groupssettings,v1,groupsSettings.groups.patch,groups,PATCH,{groupUniqueId},MUTATING,https://www.googleapis.com/auth/apps.groups.settings,,Updates an existing resource. This method supports patch semantics.
groupssettings,v1,groupsSettings.groups.update,groups,PUT,{groupUniqueId},MUTATING,https://www.googleapis.com/auth/apps.groups.settings,,Updates an existing resource.
keep,v1,keep.media.download,media,GET,v1/{+name},READ_SAFE,https://www.googleapis.com/auth/keep https://www.googleapis.com/auth/keep.readonly,https://www.googleapis.com/auth/keep.readonly,Gets an attachment. To download attachment media via REST requires the alt=media query parameter. Returns a 400 bad request error if attachment media is not available in the requested MIME type.
keep,v1,keep.notes.create,notes,POST,v1/notes,MUTATING,https://www.googleapis.com/auth/keep,,Creates a new note.
keep,v1,keep.notes.delete,notes,DELETE,v1/{+name},MUTATING,https://www.googleapis.com/auth/keep,,Deletes a note. Caller must have the `OWNER` role on the note to delete. Deleting a note removes the resource immediately and cannot be undone. Any collaborators will lose access to the note.
keep,v1,keep.notes.get,notes,GET,v1/{+name},READ_SAFE,https://www.googleapis.com/auth/keep https://www.googleapis.com/auth/keep.readonly,https://www.googleapis.com/auth/keep.readonly,Gets a note.
keep,v1,keep.notes.list,notes,GET,v1/notes,READ_SAFE,https://www.googleapis.com/auth/keep https://www.googleapis.com/auth/keep.readonly,https://www.googleapis.com/auth/keep.readonly,"Lists notes. Every list call returns a page of results with `page_size` as the upper bound of returned items. A `page_size` of zero allows the server to choose the upper bound. The ListNotesResponse contains at most `page_size` entries. If there are more things left to list, it provides a `next_page"
keep,v1,keep.notes.permissions.batchCreate,notes.permissions,POST,v1/{+parent}/permissions:batchCreate,MUTATING,https://www.googleapis.com/auth/keep,,"Creates one or more permissions on the note. Only permissions with the `WRITER` role may be created. If adding any permission fails, then the entire request fails and no changes are made."
keep,v1,keep.notes.permissions.batchDelete,notes.permissions,POST,v1/{+parent}/permissions:batchDelete,MUTATING,https://www.googleapis.com/auth/keep,,"Deletes one or more permissions on the note. The specified entities will immediately lose access. A permission with the `OWNER` role can't be removed. If removing a permission fails, then the entire request fails and no changes are made. Returns a 400 bad request error if a specified permission does"
licensing,v1,licensing.licenseAssignments.delete,licenseAssignments,DELETE,apps/licensing/v1/product/{productId}/sku/{skuId}/user/{userId},MUTATING,https://www.googleapis.com/auth/apps.licensing,,Revoke a license.
licensing,v1,licensing.licenseAssignments.get,licenseAssignments,GET,apps/licensing/v1/product/{productId}/sku/{skuId}/user/{userId},READ_NEEDS_RW,https://www.googleapis.com/auth/apps.licensing,,Get a specific user's license by product SKU.
licensing,v1,licensing.licenseAssignments.insert,licenseAssignments,POST,apps/licensing/v1/product/{productId}/sku/{skuId}/user,MUTATING,https://www.googleapis.com/auth/apps.licensing,,Assign a license.
licensing,v1,licensing.licenseAssignments.listForProduct,licenseAssignments,GET,apps/licensing/v1/product/{productId}/users,READ_NEEDS_RW,https://www.googleapis.com/auth/apps.licensing,,List all users assigned licenses for a specific product SKU.
licensing,v1,licensing.licenseAssignments.listForProductAndSku,licenseAssignments,GET,apps/licensing/v1/product/{productId}/sku/{skuId}/users,READ_NEEDS_RW,https://www.googleapis.com/auth/apps.licensing,,List all users assigned licenses for a specific product SKU.
licensing,v1,licensing.licenseAssignments.patch,licenseAssignments,PATCH,apps/licensing/v1/product/{productId}/sku/{skuId}/user/{userId},MUTATING,https://www.googleapis.com/auth/apps.licensing,,Reassign a user's product SKU with a different SKU in the same product. This method supports patch semantics.
licensing,v1,licensing.licenseAssignments.update,licenseAssignments,PUT,apps/licensing/v1/product/{productId}/sku/{skuId}/user/{userId},MUTATING,https://www.googleapis.com/auth/apps.licensing,,Reassign a user's product SKU with a different SKU in the same product.
meet,v2,meet.conferenceRecords.get,conferenceRecords,GET,v2/{+name},READ_SAFE,https://www.googleapis.com/auth/meetings.space.created https://www.googleapis.com/auth/meetings.space.readonly,https://www.googleapis.com/auth/meetings.space.readonly,Gets a conference record by conference ID.
meet,v2,meet.conferenceRecords.list,conferenceRecords,GET,v2/conferenceRecords,READ_SAFE,https://www.googleapis.com/auth/meetings.space.created https://www.googleapis.com/auth/meetings.space.readonly,https://www.googleapis.com/auth/meetings.space.readonly,"Lists the conference records. By default, ordered by start time and in descending order."
meet,v2,meet.conferenceRecords.participants.get,conferenceRecords.participants,GET,v2/{+name},READ_SAFE,https://www.googleapis.com/auth/meetings.space.created https://www.googleapis.com/auth/meetings.space.readonly,https://www.googleapis.com/auth/meetings.space.readonly,Gets a participant by participant ID.
meet,v2,meet.conferenceRecords.participants.list,conferenceRecords.participants,GET,v2/{+parent}/participants,READ_SAFE,https://www.googleapis.com/auth/meetings.space.created https://www.googleapis.com/auth/meetings.space.readonly,https://www.googleapis.com/auth/meetings.space.readonly,"Lists the participants in a conference record. By default, ordered by join time and in descending order. This API supports `fields` as standard parameters like every other API. However, when the `fields` request parameter is omitted, this API defaults to `'participants/*, next_page_token'`."
meet,v2,meet.conferenceRecords.participants.participantSessions.get,conferenceRecords.participants.participantSessions,GET,v2/{+name},READ_SAFE,https://www.googleapis.com/auth/meetings.space.created https://www.googleapis.com/auth/meetings.space.readonly,https://www.googleapis.com/auth/meetings.space.readonly,Gets a participant session by participant session ID.
meet,v2,meet.conferenceRecords.participants.participantSessions.list,conferenceRecords.participants.participantSessions,GET,v2/{+parent}/participantSessions,READ_SAFE,https://www.googleapis.com/auth/meetings.space.created https://www.googleapis.com/auth/meetings.space.readonly,https://www.googleapis.com/auth/meetings.space.readonly,"Lists the participant sessions of a participant in a conference record. By default, ordered by join time and in descending order. This API supports `fields` as standard parameters like every other API. However, when the `fields` request parameter is omitted this API defaults to `'participantsessions"
meet,v2,meet.conferenceRecords.recordings.get,conferenceRecords.recordings,GET,v2/{+name},READ_SAFE,https://www.googleapis.com/auth/meetings.space.created https://www.googleapis.com/auth/meetings.space.readonly,https://www.googleapis.com/auth/meetings.space.readonly,Gets a recording by recording ID.
meet,v2,meet.conferenceRecords.recordings.list,conferenceRecords.recordings,GET,v2/{+parent}/recordings,READ_SAFE,https://www.googleapis.com/auth/meetings.space.created https://www.googleapis.com/auth/meetings.space.readonly,https://www.googleapis.com/auth/meetings.space.readonly,"Lists the recording resources from the conference record. By default, ordered by start time and in ascending order."
meet,v2,meet.conferenceRecords.smartNotes.get,conferenceRecords.smartNotes,GET,v2/{+name},READ_SAFE,https://www.googleapis.com/auth/meetings.space.created https://www.googleapis.com/auth/meetings.space.readonly,https://www.googleapis.com/auth/meetings.space.readonly,Gets smart notes by smart note ID.
meet,v2,meet.conferenceRecords.smartNotes.list,conferenceRecords.smartNotes,GET,v2/{+parent}/smartNotes,READ_SAFE,https://www.googleapis.com/auth/meetings.space.created https://www.googleapis.com/auth/meetings.space.readonly,https://www.googleapis.com/auth/meetings.space.readonly,"Lists the set of smart notes from the conference record. By default, ordered by start time and in ascending order."
meet,v2,meet.conferenceRecords.transcripts.entries.get,conferenceRecords.transcripts.entries,GET,v2/{+name},READ_SAFE,https://www.googleapis.com/auth/meetings.space.created https://www.googleapis.com/auth/meetings.space.readonly,https://www.googleapis.com/auth/meetings.space.readonly,"Gets a `TranscriptEntry` resource by entry ID. Note: The transcript entries returned by the Google Meet API might not match the transcription found in the Google Docs transcript file. This can occur when 1) we have interleaved speakers within milliseconds, or 2) the Google Docs transcript file is mo"
meet,v2,meet.conferenceRecords.transcripts.entries.list,conferenceRecords.transcripts.entries,GET,v2/{+parent}/entries,READ_SAFE,https://www.googleapis.com/auth/meetings.space.created https://www.googleapis.com/auth/meetings.space.readonly,https://www.googleapis.com/auth/meetings.space.readonly,"Lists the structured transcript entries per transcript. By default, ordered by start time and in ascending order. Note: The transcript entries returned by the Google Meet API might not match the transcription found in the Google Docs transcript file. This can occur when 1) we have interleaved speake"
meet,v2,meet.conferenceRecords.transcripts.get,conferenceRecords.transcripts,GET,v2/{+name},READ_SAFE,https://www.googleapis.com/auth/meetings.space.created https://www.googleapis.com/auth/meetings.space.readonly,https://www.googleapis.com/auth/meetings.space.readonly,Gets a transcript by transcript ID.
meet,v2,meet.conferenceRecords.transcripts.list,conferenceRecords.transcripts,GET,v2/{+parent}/transcripts,READ_SAFE,https://www.googleapis.com/auth/meetings.space.created https://www.googleapis.com/auth/meetings.space.readonly,https://www.googleapis.com/auth/meetings.space.readonly,"Lists the set of transcripts from the conference record. By default, ordered by start time and in ascending order."
meet,v2,meet.spaces.create,spaces,POST,v2/spaces,MUTATING,https://www.googleapis.com/auth/meetings.space.created,,Creates a space.
meet,v2,meet.spaces.endActiveConference,spaces,POST,v2/{+name}:endActiveConference,MUTATING,https://www.googleapis.com/auth/meetings.space.created,,"Ends an active conference (if there's one). For an example, see [End active conference](https://developers.google.com/workspace/meet/api/guides/meeting-spaces#end-active-conference)."
meet,v2,meet.spaces.get,spaces,GET,v2/{+name},READ_SAFE,https://www.googleapis.com/auth/meetings.space.created https://www.googleapis.com/auth/meetings.space.readonly https://www.googleapis.com/auth/meetings.space.settings,https://www.googleapis.com/auth/meetings.space.readonly,"Gets details about a meeting space. For an example, see [Get a meeting space](https://developers.google.com/workspace/meet/api/guides/meeting-spaces#get-meeting-space)."
meet,v2,meet.spaces.patch,spaces,PATCH,v2/{+name},MUTATING,https://www.googleapis.com/auth/meetings.space.created https://www.googleapis.com/auth/meetings.space.settings,,"Updates details about a meeting space. For an example, see [Update a meeting space](https://developers.google.com/workspace/meet/api/guides/meeting-spaces#update-meeting-space)."
people,v1,people.contactGroups.batchGet,contactGroups,GET,v1/contactGroups:batchGet,READ_SAFE,https://www.googleapis.com/auth/contacts https://www.googleapis.com/auth/contacts.readonly,https://www.googleapis.com/auth/contacts.readonly,Get a list of contact groups owned by the authenticated user by specifying a list of contact group resource names.
people,v1,people.contactGroups.create,contactGroups,POST,v1/contactGroups,MUTATING,https://www.googleapis.com/auth/contacts,,Create a new contact group owned by the authenticated user. Created contact group names must be unique to the users contact groups. Attempting to create a group with a duplicate name will return a HTTP 409 error. Mutate requests for the same user should be sent sequentially to avoid increased latenc
people,v1,people.contactGroups.delete,contactGroups,DELETE,v1/{+resourceName},MUTATING,https://www.googleapis.com/auth/contacts,,Delete an existing contact group owned by the authenticated user by specifying a contact group resource name. Mutate requests for the same user should be sent sequentially to avoid increased latency and failures.
people,v1,people.contactGroups.get,contactGroups,GET,v1/{+resourceName},READ_SAFE,https://www.googleapis.com/auth/contacts https://www.googleapis.com/auth/contacts.readonly,https://www.googleapis.com/auth/contacts.readonly,Get a specific contact group owned by the authenticated user by specifying a contact group resource name.
people,v1,people.contactGroups.list,contactGroups,GET,v1/contactGroups,READ_SAFE,https://www.googleapis.com/auth/contacts https://www.googleapis.com/auth/contacts.readonly,https://www.googleapis.com/auth/contacts.readonly,List all contact groups owned by the authenticated user. Members of the contact groups are not populated.
people,v1,people.contactGroups.members.modify,contactGroups.members,POST,v1/{+resourceName}/members:modify,MUTATING,https://www.googleapis.com/auth/contacts,,Modify the members of a contact group owned by the authenticated user. The only system contact groups that can have members added are `contactGroups/myContacts` and `contactGroups/starred`. Other system contact groups are deprecated and can only have contacts removed.
people,v1,people.contactGroups.update,contactGroups,PUT,v1/{+resourceName},MUTATING,https://www.googleapis.com/auth/contacts,,Update the name of an existing contact group owned by the authenticated user. Updated contact group names must be unique to the users contact groups. Attempting to create a group with a duplicate name will return a HTTP 409 error. Mutate requests for the same user should be sent sequentially to avoi
people,v1,people.otherContacts.copyOtherContactToMyContactsGroup,otherContacts,POST,v1/{+resourceName}:copyOtherContactToMyContactsGroup,MUTATING,https://www.googleapis.com/auth/contacts https://www.googleapis.com/auth/contacts.other.readonly,https://www.googleapis.com/auth/contacts.other.readonly,"Copies an ""Other contact"" to a new contact in the user's ""myContacts"" group Mutate requests for the same user should be sent sequentially to avoid increased latency and failures."
people,v1,people.otherContacts.list,otherContacts,GET,v1/otherContacts,READ_SAFE,https://www.googleapis.com/auth/contacts.other.readonly,https://www.googleapis.com/auth/contacts.other.readonly,"List all ""Other contacts"", that is contacts that are not in a contact group. ""Other contacts"" are typically auto created contacts from interactions. Sync tokens expire 7 days after the full sync. A request with an expired sync token will get an error with an [google.rpc.ErrorInfo](https://cloud.goog"
people,v1,people.otherContacts.search,otherContacts,GET,v1/otherContacts:search,READ_SAFE,https://www.googleapis.com/auth/contacts.other.readonly,https://www.googleapis.com/auth/contacts.other.readonly,"Provides a list of contacts in the authenticated user's other contacts that matches the search query. The query matches on a contact's `names`, `emailAddresses`, and `phoneNumbers` fields that are from the OTHER_CONTACT source. **IMPORTANT**: Before searching, clients should send a warmup request wi"
people,v1,people.people.batchCreateContacts,people,POST,v1/people:batchCreateContacts,MUTATING,https://www.googleapis.com/auth/contacts,,Create a batch of new contacts and return the PersonResponses for the newly Mutate requests for the same user should be sent sequentially to avoid increased latency and failures.
people,v1,people.people.batchDeleteContacts,people,POST,v1/people:batchDeleteContacts,MUTATING,https://www.googleapis.com/auth/contacts,,Delete a batch of contacts. Any non-contact data will not be deleted. Mutate requests for the same user should be sent sequentially to avoid increased latency and failures.
people,v1,people.people.batchUpdateContacts,people,POST,v1/people:batchUpdateContacts,MUTATING,https://www.googleapis.com/auth/contacts,,Update a batch of contacts and return a map of resource names to PersonResponses for the updated contacts. Mutate requests for the same user should be sent sequentially to avoid increased latency and failures.
people,v1,people.people.connections.list,people.connections,GET,v1/{+resourceName}/connections,READ_SAFE,https://www.googleapis.com/auth/contacts https://www.googleapis.com/auth/contacts.readonly,https://www.googleapis.com/auth/contacts.readonly,"Provides a list of the authenticated user's contacts. Sync tokens expire 7 days after the full sync. A request with an expired sync token will get an error with an [google.rpc.ErrorInfo](https://cloud.google.com/apis/design/errors#error_info) with reason ""EXPIRED_SYNC_TOKEN"". In the case of such an "
people,v1,people.people.createContact,people,POST,v1/people:createContact,MUTATING,https://www.googleapis.com/auth/contacts,,Create a new contact and return the person resource for that contact. The request returns a 400 error if more than one field is specified on a field that is a singleton for contact sources: * biographies * birthdays * genders * names Mutate requests for the same user should be sent sequentially to a
people,v1,people.people.deleteContact,people,DELETE,v1/{+resourceName}:deleteContact,MUTATING,https://www.googleapis.com/auth/contacts,,Delete a contact person. Any non-contact data will not be deleted. Mutate requests for the same user should be sent sequentially to avoid increased latency and failures.
people,v1,people.people.deleteContactPhoto,people,DELETE,v1/{+resourceName}:deleteContactPhoto,MUTATING,https://www.googleapis.com/auth/contacts,,Delete a contact's photo. Mutate requests for the same user should be done sequentially to avoid // lock contention.
people,v1,people.people.get,people,GET,v1/{+resourceName},READ_SAFE,https://www.googleapis.com/auth/contacts https://www.googleapis.com/auth/contacts.other.readonly https://www.googleapis.com/auth/contacts.readonly https://www.googleapis.com/auth/directory.readonly https://www.googleapis.com/auth/user.addresses.read https://www.googleapis.com/auth/user.birthday.read https://www.googleapis.com/auth/user.emails.read https://www.googleapis.com/auth/user.gender.read https://www.googleapis.com/auth/user.organization.read https://www.googleapis.com/auth/user.phonenumbers.read https://www.googleapis.com/auth/userinfo.email https://www.googleapis.com/auth/userinfo.profile,https://www.googleapis.com/auth/contacts.other.readonly https://www.googleapis.com/auth/contacts.readonly https://www.googleapis.com/auth/directory.readonly https://www.googleapis.com/auth/user.addresses.read https://www.googleapis.com/auth/user.birthday.read https://www.googleapis.com/auth/user.emails.read https://www.googleapis.com/auth/user.gender.read https://www.googleapis.com/auth/user.organization.read https://www.googleapis.com/auth/user.phonenumbers.read https://www.googleapis.com/auth/userinfo.email https://www.googleapis.com/auth/userinfo.profile,Provides information about a person by specifying a resource name. Use `people/me` to indicate the authenticated user. The request returns a 400 error if 'personFields' is not specified.
people,v1,people.people.getBatchGet,people,GET,v1/people:batchGet,READ_SAFE,https://www.googleapis.com/auth/contacts https://www.googleapis.com/auth/contacts.other.readonly https://www.googleapis.com/auth/contacts.readonly https://www.googleapis.com/auth/directory.readonly https://www.googleapis.com/auth/user.addresses.read https://www.googleapis.com/auth/user.birthday.read https://www.googleapis.com/auth/user.emails.read https://www.googleapis.com/auth/user.gender.read https://www.googleapis.com/auth/user.organization.read https://www.googleapis.com/auth/user.phonenumbers.read https://www.googleapis.com/auth/userinfo.email https://www.googleapis.com/auth/userinfo.profile,https://www.googleapis.com/auth/contacts.other.readonly https://www.googleapis.com/auth/contacts.readonly https://www.googleapis.com/auth/directory.readonly https://www.googleapis.com/auth/user.addresses.read https://www.googleapis.com/auth/user.birthday.read https://www.googleapis.com/auth/user.emails.read https://www.googleapis.com/auth/user.gender.read https://www.googleapis.com/auth/user.organization.read https://www.googleapis.com/auth/user.phonenumbers.read https://www.googleapis.com/auth/userinfo.email https://www.googleapis.com/auth/userinfo.profile,Provides information about a list of specific people by specifying a list of requested resource names. Use `people/me` to indicate the authenticated user. The request returns a 400 error if 'personFields' is not specified.
people,v1,people.people.listDirectoryPeople,people,GET,v1/people:listDirectoryPeople,READ_SAFE,https://www.googleapis.com/auth/directory.readonly,https://www.googleapis.com/auth/directory.readonly,"Provides a list of domain profiles and domain contacts in the authenticated user's domain directory. When the `sync_token` is specified, resources deleted since the last sync will be returned as a person with `PersonMetadata.deleted` set to true. When the `page_token` or `sync_token` is specified, a"
people,v1,people.people.searchContacts,people,GET,v1/people:searchContacts,READ_SAFE,https://www.googleapis.com/auth/contacts https://www.googleapis.com/auth/contacts.readonly,https://www.googleapis.com/auth/contacts.readonly,"Provides a list of contacts in the authenticated user's grouped contacts that matches the search query. The query matches on a contact's `names`, `nickNames`, `emailAddresses`, `phoneNumbers`, and `organizations` fields that are from the CONTACT source. **IMPORTANT**: Before searching, clients shoul"
people,v1,people.people.searchDirectoryPeople,people,GET,v1/people:searchDirectoryPeople,READ_SAFE,https://www.googleapis.com/auth/directory.readonly,https://www.googleapis.com/auth/directory.readonly,Provides a list of domain profiles and domain contacts in the authenticated user's domain directory that match the search query.
people,v1,people.people.updateContact,people,PATCH,v1/{+resourceName}:updateContact,MUTATING,https://www.googleapis.com/auth/contacts,,Update contact data for an existing contact person. Any non-contact data will not be modified. Any non-contact data in the person to update will be ignored. All fields specified in the `update_mask` will be replaced. The server returns a 400 error if `person.metadata.sources` is not specified for th
people,v1,people.people.updateContactPhoto,people,PATCH,v1/{+resourceName}:updateContactPhoto,MUTATING,https://www.googleapis.com/auth/contacts,,Update a contact's photo. Mutate requests for the same user should be sent sequentially to avoid increased latency and failures.
script,v1,script.processes.list,processes,GET,v1/processes,READ_NEEDS_RW,https://www.googleapis.com/auth/script.processes,,"List information about processes made by or on behalf of a user, such as process type and current status."
script,v1,script.processes.listScriptProcesses,processes,GET,v1/processes:listScriptProcesses,READ_NEEDS_RW,https://www.googleapis.com/auth/script.processes,,"List information about a script's executed processes, such as process type and current status."
script,v1,script.projects.create,projects,POST,v1/projects,MUTATING,https://www.googleapis.com/auth/script.projects,,"Creates a new, empty script project with no script files and a base manifest file."
script,v1,script.projects.deployments.create,projects.deployments,POST,v1/projects/{scriptId}/deployments,MUTATING,https://www.googleapis.com/auth/script.deployments,,Creates a deployment of an Apps Script project.
script,v1,script.projects.deployments.delete,projects.deployments,DELETE,v1/projects/{scriptId}/deployments/{deploymentId},MUTATING,https://www.googleapis.com/auth/script.deployments,,Deletes a deployment of an Apps Script project.
script,v1,script.projects.deployments.get,projects.deployments,GET,v1/projects/{scriptId}/deployments/{deploymentId},READ_SAFE,https://www.googleapis.com/auth/script.deployments https://www.googleapis.com/auth/script.deployments.readonly,https://www.googleapis.com/auth/script.deployments.readonly,Gets a deployment of an Apps Script project.
script,v1,script.projects.deployments.list,projects.deployments,GET,v1/projects/{scriptId}/deployments,READ_SAFE,https://www.googleapis.com/auth/script.deployments https://www.googleapis.com/auth/script.deployments.readonly,https://www.googleapis.com/auth/script.deployments.readonly,Lists the deployments of an Apps Script project.
script,v1,script.projects.deployments.update,projects.deployments,PUT,v1/projects/{scriptId}/deployments/{deploymentId},MUTATING,https://www.googleapis.com/auth/script.deployments,,Updates a deployment of an Apps Script project.
script,v1,script.projects.get,projects,GET,v1/projects/{scriptId},READ_SAFE,https://www.googleapis.com/auth/script.projects https://www.googleapis.com/auth/script.projects.readonly,https://www.googleapis.com/auth/script.projects.readonly,Gets a script project's metadata.
script,v1,script.projects.getContent,projects,GET,v1/projects/{scriptId}/content,READ_SAFE,https://www.googleapis.com/auth/script.projects https://www.googleapis.com/auth/script.projects.readonly,https://www.googleapis.com/auth/script.projects.readonly,"Gets the content of the script project, including the code source and metadata for each script file."
script,v1,script.projects.getMetrics,projects,GET,v1/projects/{scriptId}/metrics,READ_NEEDS_RW,https://www.googleapis.com/auth/script.metrics,,"Get metrics data for scripts, such as number of executions and active users."
script,v1,script.projects.updateContent,projects,PUT,v1/projects/{scriptId}/content,MUTATING,https://www.googleapis.com/auth/script.projects,,"Updates the content of the specified script project. This content is stored as the HEAD version, and is used when the script is executed as a trigger, in the script editor, in add-on preview mode, or as a web app or Apps Script API in development mode. This clears all the existing files in the proje"
script,v1,script.projects.versions.create,projects.versions,POST,v1/projects/{scriptId}/versions,MUTATING,https://www.googleapis.com/auth/script.projects,,"Creates a new immutable version using the current code, with a unique version number."
script,v1,script.projects.versions.get,projects.versions,GET,v1/projects/{scriptId}/versions/{versionNumber},READ_SAFE,https://www.googleapis.com/auth/script.projects https://www.googleapis.com/auth/script.projects.readonly,https://www.googleapis.com/auth/script.projects.readonly,Gets a version of a script project.
script,v1,script.projects.versions.list,projects.versions,GET,v1/projects/{scriptId}/versions,READ_SAFE,https://www.googleapis.com/auth/script.projects https://www.googleapis.com/auth/script.projects.readonly,https://www.googleapis.com/auth/script.projects.readonly,List the versions of a script project.
script,v1,script.scripts.run,scripts,POST,v1/scripts/{scriptId}:run,MUTATING,https://mail.google.com/ https://www.google.com/calendar/feeds https://www.google.com/m8/feeds https://www.googleapis.com/auth/admin.directory.group https://www.googleapis.com/auth/admin.directory.user https://www.googleapis.com/auth/documents https://www.googleapis.com/auth/drive https://www.googleapis.com/auth/forms https://www.googleapis.com/auth/forms.currentonly https://www.googleapis.com/auth/groups https://www.googleapis.com/auth/spreadsheets https://www.googleapis.com/auth/userinfo.email,https://www.googleapis.com/auth/userinfo.email,
sheets,v4,sheets.spreadsheets.batchUpdate,spreadsheets,POST,v4/spreadsheets/{spreadsheetId}:batchUpdate,MUTATING,https://www.googleapis.com/auth/drive https://www.googleapis.com/auth/drive.file https://www.googleapis.com/auth/spreadsheets,,Applies one or more updates to the spreadsheet. Each request is validated before being applied. If any request is not valid then the entire request will fail and nothing will be applied. Some requests have replies to give you some information about how they are applied. The replies will mirror the r
sheets,v4,sheets.spreadsheets.create,spreadsheets,POST,v4/spreadsheets,MUTATING,https://www.googleapis.com/auth/drive https://www.googleapis.com/auth/drive.file https://www.googleapis.com/auth/spreadsheets,,"Creates a spreadsheet, returning the newly created spreadsheet."
sheets,v4,sheets.spreadsheets.developerMetadata.get,spreadsheets.developerMetadata,GET,v4/spreadsheets/{spreadsheetId}/developerMetadata/{metadataId},READ_NEEDS_RW,https://www.googleapis.com/auth/drive https://www.googleapis.com/auth/drive.file https://www.googleapis.com/auth/spreadsheets,,"Returns the developer metadata with the specified ID. The caller must specify the spreadsheet ID and the developer metadata's unique metadataId. For more information, see [Read, write, and search metadata](https://developers.google.com/workspace/sheets/api/guides/metadata)."
sheets,v4,sheets.spreadsheets.developerMetadata.search,spreadsheets.developerMetadata,POST,v4/spreadsheets/{spreadsheetId}/developerMetadata:search,READ_NEEDS_RW,https://www.googleapis.com/auth/drive https://www.googleapis.com/auth/drive.file https://www.googleapis.com/auth/spreadsheets,,"Returns all developer metadata matching the specified DataFilter. For more information, see [Read, write, and search metadata](https://developers.google.com/workspace/sheets/api/guides/metadata). If the provided DataFilter represents a DeveloperMetadataLookup object, this will return all DeveloperMe"
sheets,v4,sheets.spreadsheets.get,spreadsheets,GET,v4/spreadsheets/{spreadsheetId},READ_SAFE,https://www.googleapis.com/auth/drive https://www.googleapis.com/auth/drive.file https://www.googleapis.com/auth/drive.readonly https://www.googleapis.com/auth/spreadsheets https://www.googleapis.com/auth/spreadsheets.readonly,https://www.googleapis.com/auth/drive.readonly https://www.googleapis.com/auth/spreadsheets.readonly,"Returns the spreadsheet at the given ID. The caller must specify the spreadsheet ID. By default, data within grids is not returned. You can include grid data in one of 2 ways: * Specify a [field mask](https://developers.google.com/workspace/sheets/api/guides/field-masks) listing your desired fields "
sheets,v4,sheets.spreadsheets.getByDataFilter,spreadsheets,POST,v4/spreadsheets/{spreadsheetId}:getByDataFilter,MUTATING,https://www.googleapis.com/auth/drive https://www.googleapis.com/auth/drive.file https://www.googleapis.com/auth/spreadsheets,,"Returns the spreadsheet at the given ID. The caller must specify the spreadsheet ID. For more information, see [Read, write, and search metadata](https://developers.google.com/workspace/sheets/api/guides/metadata). This method differs from GetSpreadsheet in that it allows selecting which subsets of "
sheets,v4,sheets.spreadsheets.sheets.copyTo,spreadsheets.sheets,POST,v4/spreadsheets/{spreadsheetId}/sheets/{sheetId}:copyTo,MUTATING,https://www.googleapis.com/auth/drive https://www.googleapis.com/auth/drive.file https://www.googleapis.com/auth/spreadsheets,,Copies a single sheet from a spreadsheet to another spreadsheet. Returns the properties of the newly created sheet.
sheets,v4,sheets.spreadsheets.values.append,spreadsheets.values,POST,v4/spreadsheets/{spreadsheetId}/values/{range}:append,MUTATING,https://www.googleapis.com/auth/drive https://www.googleapis.com/auth/drive.file https://www.googleapis.com/auth/spreadsheets,,"Appends values to a spreadsheet. The input range is used to search for existing data and find a ""table"" within that range. Values will be appended to the next row of the table, starting with the first column of the table. See the [guide](https://developers.google.com/workspace/sheets/api/guides/valu"
sheets,v4,sheets.spreadsheets.values.batchClear,spreadsheets.values,POST,v4/spreadsheets/{spreadsheetId}/values:batchClear,MUTATING,https://www.googleapis.com/auth/drive https://www.googleapis.com/auth/drive.file https://www.googleapis.com/auth/spreadsheets,,Clears one or more ranges of values from a spreadsheet. The caller must specify the spreadsheet ID and one or more ranges. Only values are cleared -- all other properties of the cell (such as formatting and data validation) are kept.
sheets,v4,sheets.spreadsheets.values.batchClearByDataFilter,spreadsheets.values,POST,v4/spreadsheets/{spreadsheetId}/values:batchClearByDataFilter,MUTATING,https://www.googleapis.com/auth/drive https://www.googleapis.com/auth/drive.file https://www.googleapis.com/auth/spreadsheets,,"Clears one or more ranges of values from a spreadsheet. For more information, see [Read, write, and search metadata](https://developers.google.com/workspace/sheets/api/guides/metadata). The caller must specify the spreadsheet ID and one or more DataFilters. Ranges matching any of the specified data "
sheets,v4,sheets.spreadsheets.values.batchGet,spreadsheets.values,GET,v4/spreadsheets/{spreadsheetId}/values:batchGet,READ_SAFE,https://www.googleapis.com/auth/drive https://www.googleapis.com/auth/drive.file https://www.googleapis.com/auth/drive.readonly https://www.googleapis.com/auth/spreadsheets https://www.googleapis.com/auth/spreadsheets.readonly,https://www.googleapis.com/auth/drive.readonly https://www.googleapis.com/auth/spreadsheets.readonly,Returns one or more ranges of values from a spreadsheet. The caller must specify the spreadsheet ID and one or more ranges.
sheets,v4,sheets.spreadsheets.values.batchGetByDataFilter,spreadsheets.values,POST,v4/spreadsheets/{spreadsheetId}/values:batchGetByDataFilter,MUTATING,https://www.googleapis.com/auth/drive https://www.googleapis.com/auth/drive.file https://www.googleapis.com/auth/spreadsheets,,"Returns one or more ranges of values that match the specified data filters. For more information, see [Read, write, and search metadata](https://developers.google.com/workspace/sheets/api/guides/metadata). The caller must specify the spreadsheet ID and one or more DataFilters. Ranges that match any "
sheets,v4,sheets.spreadsheets.values.batchUpdate,spreadsheets.values,POST,v4/spreadsheets/{spreadsheetId}/values:batchUpdate,MUTATING,https://www.googleapis.com/auth/drive https://www.googleapis.com/auth/drive.file https://www.googleapis.com/auth/spreadsheets,,"Sets values in one or more ranges of a spreadsheet. The caller must specify the spreadsheet ID, a valueInputOption, and one or more ValueRanges."
sheets,v4,sheets.spreadsheets.values.batchUpdateByDataFilter,spreadsheets.values,POST,v4/spreadsheets/{spreadsheetId}/values:batchUpdateByDataFilter,MUTATING,https://www.googleapis.com/auth/drive https://www.googleapis.com/auth/drive.file https://www.googleapis.com/auth/spreadsheets,,"Sets values in one or more ranges of a spreadsheet. For more information, see [Read, write, and search metadata](https://developers.google.com/workspace/sheets/api/guides/metadata). The caller must specify the spreadsheet ID, a valueInputOption, and one or more DataFilterValueRanges."
sheets,v4,sheets.spreadsheets.values.clear,spreadsheets.values,POST,v4/spreadsheets/{spreadsheetId}/values/{range}:clear,MUTATING,https://www.googleapis.com/auth/drive https://www.googleapis.com/auth/drive.file https://www.googleapis.com/auth/spreadsheets,,"Clears values from a spreadsheet. The caller must specify the spreadsheet ID and range. Only values are cleared -- all other properties of the cell (such as formatting, data validation, etc..) are kept."
sheets,v4,sheets.spreadsheets.values.get,spreadsheets.values,GET,v4/spreadsheets/{spreadsheetId}/values/{range},READ_SAFE,https://www.googleapis.com/auth/drive https://www.googleapis.com/auth/drive.file https://www.googleapis.com/auth/drive.readonly https://www.googleapis.com/auth/spreadsheets https://www.googleapis.com/auth/spreadsheets.readonly,https://www.googleapis.com/auth/drive.readonly https://www.googleapis.com/auth/spreadsheets.readonly,Returns a range of values from a spreadsheet. The caller must specify the spreadsheet ID and a range.
sheets,v4,sheets.spreadsheets.values.update,spreadsheets.values,PUT,v4/spreadsheets/{spreadsheetId}/values/{range},MUTATING,https://www.googleapis.com/auth/drive https://www.googleapis.com/auth/drive.file https://www.googleapis.com/auth/spreadsheets,,"Sets values in a range of a spreadsheet. The caller must specify the spreadsheet ID, range, and a valueInputOption."
slides,v1,slides.presentations.batchUpdate,presentations,POST,v1/presentations/{presentationId}:batchUpdate,MUTATING,https://www.googleapis.com/auth/drive https://www.googleapis.com/auth/drive.file https://www.googleapis.com/auth/drive.readonly https://www.googleapis.com/auth/presentations https://www.googleapis.com/auth/spreadsheets https://www.googleapis.com/auth/spreadsheets.readonly,https://www.googleapis.com/auth/drive.readonly https://www.googleapis.com/auth/spreadsheets.readonly,"Applies one or more updates to the presentation. Each request is validated before being applied. If any request is not valid, then the entire request will fail and nothing will be applied. Some requests have replies to give you some information about how they are applied. Other requests do not need "
slides,v1,slides.presentations.create,presentations,POST,v1/presentations,MUTATING,https://www.googleapis.com/auth/drive https://www.googleapis.com/auth/drive.file https://www.googleapis.com/auth/presentations,,"Creates a blank presentation using the title given in the request. If a `presentationId` is provided, it is used as the ID of the new presentation. Otherwise, a new ID is generated. Other fields in the request, including any provided content, are ignored. Returns the created presentation."
slides,v1,slides.presentations.get,presentations,GET,v1/presentations/{+presentationId},READ_SAFE,https://www.googleapis.com/auth/drive https://www.googleapis.com/auth/drive.file https://www.googleapis.com/auth/drive.readonly https://www.googleapis.com/auth/presentations https://www.googleapis.com/auth/presentations.readonly,https://www.googleapis.com/auth/drive.readonly https://www.googleapis.com/auth/presentations.readonly,Gets the latest version of the specified presentation.
slides,v1,slides.presentations.pages.get,presentations.pages,GET,v1/presentations/{presentationId}/pages/{pageObjectId},READ_SAFE,https://www.googleapis.com/auth/drive https://www.googleapis.com/auth/drive.file https://www.googleapis.com/auth/drive.readonly https://www.googleapis.com/auth/presentations https://www.googleapis.com/auth/presentations.readonly,https://www.googleapis.com/auth/drive.readonly https://www.googleapis.com/auth/presentations.readonly,Gets the latest version of the specified page in the presentation.
slides,v1,slides.presentations.pages.getThumbnail,presentations.pages,GET,v1/presentations/{presentationId}/pages/{pageObjectId}/thumbnail,READ_SAFE,https://www.googleapis.com/auth/drive https://www.googleapis.com/auth/drive.file https://www.googleapis.com/auth/drive.readonly https://www.googleapis.com/auth/presentations https://www.googleapis.com/auth/presentations.readonly,https://www.googleapis.com/auth/drive.readonly https://www.googleapis.com/auth/presentations.readonly,Generates a thumbnail of the latest version of the specified page in the presentation and returns a URL to the thumbnail image. This request counts as an [expensive read request](https://developers.google.com/workspace/slides/limits) for quota purposes.
tasks,v1,tasks.tasklists.delete,tasklists,DELETE,tasks/v1/users/@me/lists/{tasklist},MUTATING,https://www.googleapis.com/auth/tasks,,"Deletes the authenticated user's specified task list. If the list contains assigned tasks, both the assigned tasks and the original tasks in the assignment surface (Docs, Chat Spaces) are deleted."
tasks,v1,tasks.tasklists.get,tasklists,GET,tasks/v1/users/@me/lists/{tasklist},READ_SAFE,https://www.googleapis.com/auth/tasks https://www.googleapis.com/auth/tasks.readonly,https://www.googleapis.com/auth/tasks.readonly,Returns the authenticated user's specified task list.
tasks,v1,tasks.tasklists.insert,tasklists,POST,tasks/v1/users/@me/lists,MUTATING,https://www.googleapis.com/auth/tasks,,Creates a new task list and adds it to the authenticated user's task lists. A user can have up to 2000 lists at a time.
tasks,v1,tasks.tasklists.list,tasklists,GET,tasks/v1/users/@me/lists,READ_SAFE,https://www.googleapis.com/auth/tasks https://www.googleapis.com/auth/tasks.readonly,https://www.googleapis.com/auth/tasks.readonly,Returns all the authenticated user's task lists. A user can have up to 2000 lists at a time.
tasks,v1,tasks.tasklists.patch,tasklists,PATCH,tasks/v1/users/@me/lists/{tasklist},MUTATING,https://www.googleapis.com/auth/tasks,,Updates the authenticated user's specified task list. This method supports patch semantics.
tasks,v1,tasks.tasklists.update,tasklists,PUT,tasks/v1/users/@me/lists/{tasklist},MUTATING,https://www.googleapis.com/auth/tasks,,Updates the authenticated user's specified task list.
tasks,v1,tasks.tasks.clear,tasks,POST,tasks/v1/lists/{tasklist}/clear,MUTATING,https://www.googleapis.com/auth/tasks,,Clears all completed tasks from the specified task list. The affected tasks will be marked as 'hidden' and no longer be returned by default when retrieving all tasks for a task list.
tasks,v1,tasks.tasks.delete,tasks,DELETE,tasks/v1/lists/{tasklist}/tasks/{task},MUTATING,https://www.googleapis.com/auth/tasks,,"Deletes the specified task from the task list. If the task is assigned, both the assigned task and the original task (in Docs, Chat Spaces) are deleted. To delete the assigned task only, navigate to the assignment surface and unassign the task from there."
tasks,v1,tasks.tasks.get,tasks,GET,tasks/v1/lists/{tasklist}/tasks/{task},READ_SAFE,https://www.googleapis.com/auth/tasks https://www.googleapis.com/auth/tasks.readonly,https://www.googleapis.com/auth/tasks.readonly,Returns the specified task.
tasks,v1,tasks.tasks.insert,tasks,POST,tasks/v1/lists/{tasklist}/tasks,MUTATING,https://www.googleapis.com/auth/tasks,,"Creates a new task on the specified task list. Tasks assigned from Docs or Chat Spaces cannot be inserted from Tasks Public API; they can only be created by assigning them from Docs or Chat Spaces. A user can have up to 20,000 non-hidden tasks per list and up to 100,000 tasks in total at a time."
tasks,v1,tasks.tasks.list,tasks,GET,tasks/v1/lists/{tasklist}/tasks,READ_SAFE,https://www.googleapis.com/auth/tasks https://www.googleapis.com/auth/tasks.readonly,https://www.googleapis.com/auth/tasks.readonly,"Returns all tasks in the specified task list. Doesn't return assigned tasks by default (from Docs, Chat Spaces). A user can have up to 20,000 non-hidden tasks per list and up to 100,000 tasks in total at a time."
tasks,v1,tasks.tasks.move,tasks,POST,tasks/v1/lists/{tasklist}/tasks/{task}/move,MUTATING,https://www.googleapis.com/auth/tasks,,"Moves the specified task to another position in the destination task list. If the destination list is not specified, the task is moved within its current list. This can include putting it as a child task under a new parent and/or move it to a different position among its sibling tasks. A user can ha"
tasks,v1,tasks.tasks.patch,tasks,PATCH,tasks/v1/lists/{tasklist}/tasks/{task},MUTATING,https://www.googleapis.com/auth/tasks,,Updates the specified task. This method supports patch semantics.
tasks,v1,tasks.tasks.update,tasks,PUT,tasks/v1/lists/{tasklist}/tasks/{task},MUTATING,https://www.googleapis.com/auth/tasks,,Updates the specified task.
vault,v1,vault.matters.addPermissions,matters,POST,v1/matters/{matterId}:addPermissions,MUTATING,https://www.googleapis.com/auth/ediscovery,,Adds an account as a matter collaborator.
vault,v1,vault.matters.close,matters,POST,v1/matters/{matterId}:close,MUTATING,https://www.googleapis.com/auth/ediscovery,,Closes the specified matter. Returns the matter with updated state.
vault,v1,vault.matters.count,matters,POST,v1/matters/{matterId}:count,READ_NEEDS_RW,https://www.googleapis.com/auth/ediscovery,,Counts the accounts processed by the specified query.
vault,v1,vault.matters.create,matters,POST,v1/matters,MUTATING,https://www.googleapis.com/auth/ediscovery,,"Creates a matter with the given name and description. The initial state is open, and the owner is the method caller. Returns the created matter with default view."
vault,v1,vault.matters.delete,matters,DELETE,v1/matters/{matterId},MUTATING,https://www.googleapis.com/auth/ediscovery,,Deletes the specified matter. Returns the matter with updated state.
vault,v1,vault.matters.exports.create,matters.exports,POST,v1/matters/{matterId}/exports,MUTATING,https://www.googleapis.com/auth/ediscovery,,Creates an export.
vault,v1,vault.matters.exports.delete,matters.exports,DELETE,v1/matters/{matterId}/exports/{exportId},MUTATING,https://www.googleapis.com/auth/ediscovery,,Deletes an export.
vault,v1,vault.matters.exports.get,matters.exports,GET,v1/matters/{matterId}/exports/{exportId},READ_SAFE,https://www.googleapis.com/auth/ediscovery https://www.googleapis.com/auth/ediscovery.readonly,https://www.googleapis.com/auth/ediscovery.readonly,Gets an export.
vault,v1,vault.matters.exports.list,matters.exports,GET,v1/matters/{matterId}/exports,READ_SAFE,https://www.googleapis.com/auth/ediscovery https://www.googleapis.com/auth/ediscovery.readonly,https://www.googleapis.com/auth/ediscovery.readonly,Lists details about the exports in the specified matter.
vault,v1,vault.matters.get,matters,GET,v1/matters/{matterId},READ_SAFE,https://www.googleapis.com/auth/ediscovery https://www.googleapis.com/auth/ediscovery.readonly,https://www.googleapis.com/auth/ediscovery.readonly,Gets the specified matter.
vault,v1,vault.matters.holds.accounts.create,matters.holds.accounts,POST,v1/matters/{matterId}/holds/{holdId}/accounts,MUTATING,https://www.googleapis.com/auth/ediscovery,,"Adds an account to a hold. Accounts can be added only to a hold that does not have an organizational unit set. If you try to add an account to an organizational unit-based hold, an error is returned."
vault,v1,vault.matters.holds.accounts.delete,matters.holds.accounts,DELETE,v1/matters/{matterId}/holds/{holdId}/accounts/{accountId},MUTATING,https://www.googleapis.com/auth/ediscovery,,Removes an account from a hold.
vault,v1,vault.matters.holds.accounts.list,matters.holds.accounts,GET,v1/matters/{matterId}/holds/{holdId}/accounts,READ_SAFE,https://www.googleapis.com/auth/ediscovery https://www.googleapis.com/auth/ediscovery.readonly,https://www.googleapis.com/auth/ediscovery.readonly,"Lists the accounts covered by a hold. This can list only individually-specified accounts covered by the hold. If the hold covers an organizational unit, use the [Admin SDK](https://developers.google.com/admin-sdk/). to list the members of the organizational unit on hold."
vault,v1,vault.matters.holds.addHeldAccounts,matters.holds,POST,v1/matters/{matterId}/holds/{holdId}:addHeldAccounts,MUTATING,https://www.googleapis.com/auth/ediscovery,,Adds accounts to a hold. Returns a list of accounts that have been successfully added. Accounts can be added only to an existing account-based hold.
vault,v1,vault.matters.holds.create,matters.holds,POST,v1/matters/{matterId}/holds,MUTATING,https://www.googleapis.com/auth/ediscovery,,Creates a hold in the specified matter.
vault,v1,vault.matters.holds.delete,matters.holds,DELETE,v1/matters/{matterId}/holds/{holdId},MUTATING,https://www.googleapis.com/auth/ediscovery,,"Removes the specified hold and releases the accounts or organizational unit covered by the hold. If the data is not preserved by another hold or retention rule, it might be purged."
vault,v1,vault.matters.holds.get,matters.holds,GET,v1/matters/{matterId}/holds/{holdId},READ_SAFE,https://www.googleapis.com/auth/ediscovery https://www.googleapis.com/auth/ediscovery.readonly,https://www.googleapis.com/auth/ediscovery.readonly,Gets the specified hold.
vault,v1,vault.matters.holds.list,matters.holds,GET,v1/matters/{matterId}/holds,READ_SAFE,https://www.googleapis.com/auth/ediscovery https://www.googleapis.com/auth/ediscovery.readonly,https://www.googleapis.com/auth/ediscovery.readonly,Lists the holds in a matter.
vault,v1,vault.matters.holds.removeHeldAccounts,matters.holds,POST,v1/matters/{matterId}/holds/{holdId}:removeHeldAccounts,MUTATING,https://www.googleapis.com/auth/ediscovery,,Removes the specified accounts from a hold. Returns a list of statuses in the same order as the request.
vault,v1,vault.matters.holds.update,matters.holds,PUT,v1/matters/{matterId}/holds/{holdId},MUTATING,https://www.googleapis.com/auth/ediscovery,,"Updates the scope (organizational unit or accounts) and query parameters of a hold. You cannot add accounts to a hold that covers an organizational unit, nor can you add organizational units to a hold that covers individual accounts. If you try, the unsupported values are ignored."
vault,v1,vault.matters.list,matters,GET,v1/matters,READ_SAFE,https://www.googleapis.com/auth/ediscovery https://www.googleapis.com/auth/ediscovery.readonly,https://www.googleapis.com/auth/ediscovery.readonly,Lists matters the requestor has access to.
vault,v1,vault.matters.removePermissions,matters,POST,v1/matters/{matterId}:removePermissions,MUTATING,https://www.googleapis.com/auth/ediscovery,,Removes an account as a matter collaborator.
vault,v1,vault.matters.reopen,matters,POST,v1/matters/{matterId}:reopen,MUTATING,https://www.googleapis.com/auth/ediscovery,,Reopens the specified matter. Returns the matter with updated state.
vault,v1,vault.matters.savedQueries.create,matters.savedQueries,POST,v1/matters/{matterId}/savedQueries,MUTATING,https://www.googleapis.com/auth/ediscovery,,Creates a saved query.
vault,v1,vault.matters.savedQueries.delete,matters.savedQueries,DELETE,v1/matters/{matterId}/savedQueries/{savedQueryId},MUTATING,https://www.googleapis.com/auth/ediscovery,,Deletes the specified saved query.
vault,v1,vault.matters.savedQueries.get,matters.savedQueries,GET,v1/matters/{matterId}/savedQueries/{savedQueryId},READ_SAFE,https://www.googleapis.com/auth/ediscovery https://www.googleapis.com/auth/ediscovery.readonly,https://www.googleapis.com/auth/ediscovery.readonly,Retrieves the specified saved query.
vault,v1,vault.matters.savedQueries.list,matters.savedQueries,GET,v1/matters/{matterId}/savedQueries,READ_SAFE,https://www.googleapis.com/auth/ediscovery https://www.googleapis.com/auth/ediscovery.readonly,https://www.googleapis.com/auth/ediscovery.readonly,Lists the saved queries in a matter.
vault,v1,vault.matters.undelete,matters,POST,v1/matters/{matterId}:undelete,MUTATING,https://www.googleapis.com/auth/ediscovery,,Undeletes the specified matter. Returns the matter with updated state.
vault,v1,vault.matters.update,matters,PUT,v1/matters/{matterId},MUTATING,https://www.googleapis.com/auth/ediscovery,,"Updates the specified matter. This updates only the name and description of the matter, identified by matter ID. Changes to any other fields are ignored. Returns the default view of the matter."
vault,v1,vault.operations.cancel,operations,POST,v1/{+name}:cancel,MUTATING,https://www.googleapis.com/auth/ediscovery,,"Starts asynchronous cancellation on a long-running operation. The server makes a best effort to cancel the operation, but success is not guaranteed. If the server doesn't support this method, it returns `google.rpc.Code.UNIMPLEMENTED`. Clients can use Operations.GetOperation or other methods to chec"
vault,v1,vault.operations.delete,operations,DELETE,v1/{+name},MUTATING,https://www.googleapis.com/auth/ediscovery,,"Deletes a long-running operation. This method indicates that the client is no longer interested in the operation result. It does not cancel the operation. If the server doesn't support this method, it returns `google.rpc.Code.UNIMPLEMENTED`."
vault,v1,vault.operations.get,operations,GET,v1/{+name},READ_SAFE,https://www.googleapis.com/auth/ediscovery https://www.googleapis.com/auth/ediscovery.readonly,https://www.googleapis.com/auth/ediscovery.readonly,Gets the latest state of a long-running operation. Clients can use this method to poll the operation result at intervals as recommended by the API service.
vault,v1,vault.operations.list,operations,GET,v1/{+name},READ_SAFE,https://www.googleapis.com/auth/ediscovery https://www.googleapis.com/auth/ediscovery.readonly,https://www.googleapis.com/auth/ediscovery.readonly,"Lists operations that match the specified filter in the request. If the server doesn't support this method, it returns `UNIMPLEMENTED`."
workspaceevents,v1,workspaceevents.message.stream,message,POST,v1/message:stream,MUTATING,,,SendStreamingMessage is a streaming call that will return a stream of task update events until the Task is in an interrupted or terminal state.
workspaceevents,v1,workspaceevents.operations.get,operations,GET,v1/{+name},READ_SAFE,https://www.googleapis.com/auth/chat.bot https://www.googleapis.com/auth/chat.memberships https://www.googleapis.com/auth/chat.memberships.readonly https://www.googleapis.com/auth/chat.messages https://www.googleapis.com/auth/chat.messages.reactions https://www.googleapis.com/auth/chat.messages.reactions.readonly https://www.googleapis.com/auth/chat.messages.readonly https://www.googleapis.com/auth/chat.spaces https://www.googleapis.com/auth/chat.spaces.readonly https://www.googleapis.com/auth/chat.users.availability https://www.googleapis.com/auth/chat.users.availability.readonly https://www.googleapis.com/auth/chat.users.readstate https://www.googleapis.com/auth/chat.users.readstate.readonly https://www.googleapis.com/auth/drive https://www.googleapis.com/auth/drive.file https://www.googleapis.com/auth/drive.metadata https://www.googleapis.com/auth/drive.metadata.readonly https://www.googleapis.com/auth/drive.readonly https://www.googleapis.com/auth/meetings.space.created https://www.googleapis.com/auth/meetings.space.readonly,https://www.googleapis.com/auth/chat.memberships.readonly https://www.googleapis.com/auth/chat.messages.reactions.readonly https://www.googleapis.com/auth/chat.messages.readonly https://www.googleapis.com/auth/chat.spaces.readonly https://www.googleapis.com/auth/chat.users.availability.readonly https://www.googleapis.com/auth/chat.users.readstate.readonly https://www.googleapis.com/auth/drive.metadata.readonly https://www.googleapis.com/auth/drive.readonly https://www.googleapis.com/auth/meetings.space.readonly,Gets the latest state of a long-running operation. Clients can use this method to poll the operation result at intervals as recommended by the API service.
workspaceevents,v1,workspaceevents.subscriptions.create,subscriptions,POST,v1/subscriptions,MUTATING,https://www.googleapis.com/auth/chat.app.all.memberships.readonly https://www.googleapis.com/auth/chat.app.all.messages.readonly https://www.googleapis.com/auth/chat.app.all.spaces.readonly https://www.googleapis.com/auth/chat.app.all.users.readstate.readonly https://www.googleapis.com/auth/chat.app.memberships https://www.googleapis.com/auth/chat.app.memberships.readonly https://www.googleapis.com/auth/chat.app.messages.readonly https://www.googleapis.com/auth/chat.app.spaces https://www.googleapis.com/auth/chat.app.spaces.readonly https://www.googleapis.com/auth/chat.memberships https://www.googleapis.com/auth/chat.memberships.readonly https://www.googleapis.com/auth/chat.messages https://www.googleapis.com/auth/chat.messages.reactions https://www.googleapis.com/auth/chat.messages.reactions.readonly https://www.googleapis.com/auth/chat.messages.readonly https://www.googleapis.com/auth/chat.spaces https://www.googleapis.com/auth/chat.spaces.readonly https://www.googleapis.com/auth/chat.users.availability https://www.googleapis.com/auth/chat.users.availability.readonly https://www.googleapis.com/auth/chat.users.readstate https://www.googleapis.com/auth/chat.users.readstate.readonly https://www.googleapis.com/auth/drive https://www.googleapis.com/auth/drive.file https://www.googleapis.com/auth/drive.metadata https://www.googleapis.com/auth/drive.metadata.readonly https://www.googleapis.com/auth/drive.readonly https://www.googleapis.com/auth/meetings.space.created https://www.googleapis.com/auth/meetings.space.readonly,https://www.googleapis.com/auth/chat.app.all.memberships.readonly https://www.googleapis.com/auth/chat.app.all.messages.readonly https://www.googleapis.com/auth/chat.app.all.spaces.readonly https://www.googleapis.com/auth/chat.app.all.users.readstate.readonly https://www.googleapis.com/auth/chat.app.memberships.readonly https://www.googleapis.com/auth/chat.app.messages.readonly https://www.googleapis.com/auth/chat.app.spaces.readonly https://www.googleapis.com/auth/chat.memberships.readonly https://www.googleapis.com/auth/chat.messages.reactions.readonly https://www.googleapis.com/auth/chat.messages.readonly https://www.googleapis.com/auth/chat.spaces.readonly https://www.googleapis.com/auth/chat.users.availability.readonly https://www.googleapis.com/auth/chat.users.readstate.readonly https://www.googleapis.com/auth/drive.metadata.readonly https://www.googleapis.com/auth/drive.readonly https://www.googleapis.com/auth/meetings.space.readonly,"Creates a Google Workspace subscription. To learn how to use this method, see [Create a Google Workspace subscription](https://developers.google.com/workspace/events/guides/create-subscription). For a subscription on a [Chat target resource](https://developers.google.com/workspace/events/guides/even"
workspaceevents,v1,workspaceevents.subscriptions.delete,subscriptions,DELETE,v1/{+name},MUTATING,https://www.googleapis.com/auth/chat.bot https://www.googleapis.com/auth/chat.memberships https://www.googleapis.com/auth/chat.memberships.readonly https://www.googleapis.com/auth/chat.messages https://www.googleapis.com/auth/chat.messages.reactions https://www.googleapis.com/auth/chat.messages.reactions.readonly https://www.googleapis.com/auth/chat.messages.readonly https://www.googleapis.com/auth/chat.spaces https://www.googleapis.com/auth/chat.spaces.readonly https://www.googleapis.com/auth/chat.users.availability https://www.googleapis.com/auth/chat.users.availability.readonly https://www.googleapis.com/auth/chat.users.readstate https://www.googleapis.com/auth/chat.users.readstate.readonly https://www.googleapis.com/auth/drive https://www.googleapis.com/auth/drive.file https://www.googleapis.com/auth/drive.metadata https://www.googleapis.com/auth/drive.metadata.readonly https://www.googleapis.com/auth/drive.readonly https://www.googleapis.com/auth/meetings.space.created https://www.googleapis.com/auth/meetings.space.readonly,https://www.googleapis.com/auth/chat.memberships.readonly https://www.googleapis.com/auth/chat.messages.reactions.readonly https://www.googleapis.com/auth/chat.messages.readonly https://www.googleapis.com/auth/chat.spaces.readonly https://www.googleapis.com/auth/chat.users.availability.readonly https://www.googleapis.com/auth/chat.users.readstate.readonly https://www.googleapis.com/auth/drive.metadata.readonly https://www.googleapis.com/auth/drive.readonly https://www.googleapis.com/auth/meetings.space.readonly,"Deletes a Google Workspace subscription. To learn how to use this method, see [Delete a Google Workspace subscription](https://developers.google.com/workspace/events/guides/delete-subscription)."
workspaceevents,v1,workspaceevents.subscriptions.get,subscriptions,GET,v1/{+name},READ_SAFE,https://www.googleapis.com/auth/chat.bot https://www.googleapis.com/auth/chat.memberships https://www.googleapis.com/auth/chat.memberships.readonly https://www.googleapis.com/auth/chat.messages https://www.googleapis.com/auth/chat.messages.reactions https://www.googleapis.com/auth/chat.messages.reactions.readonly https://www.googleapis.com/auth/chat.messages.readonly https://www.googleapis.com/auth/chat.spaces https://www.googleapis.com/auth/chat.spaces.readonly https://www.googleapis.com/auth/chat.users.availability https://www.googleapis.com/auth/chat.users.availability.readonly https://www.googleapis.com/auth/chat.users.readstate https://www.googleapis.com/auth/chat.users.readstate.readonly https://www.googleapis.com/auth/drive https://www.googleapis.com/auth/drive.file https://www.googleapis.com/auth/drive.metadata https://www.googleapis.com/auth/drive.metadata.readonly https://www.googleapis.com/auth/drive.readonly https://www.googleapis.com/auth/meetings.space.created https://www.googleapis.com/auth/meetings.space.readonly,https://www.googleapis.com/auth/chat.memberships.readonly https://www.googleapis.com/auth/chat.messages.reactions.readonly https://www.googleapis.com/auth/chat.messages.readonly https://www.googleapis.com/auth/chat.spaces.readonly https://www.googleapis.com/auth/chat.users.availability.readonly https://www.googleapis.com/auth/chat.users.readstate.readonly https://www.googleapis.com/auth/drive.metadata.readonly https://www.googleapis.com/auth/drive.readonly https://www.googleapis.com/auth/meetings.space.readonly,"Gets details about a Google Workspace subscription. To learn how to use this method, see [Get details about a Google Workspace subscription](https://developers.google.com/workspace/events/guides/get-subscription)."
workspaceevents,v1,workspaceevents.subscriptions.list,subscriptions,GET,v1/subscriptions,READ_SAFE,https://www.googleapis.com/auth/chat.bot https://www.googleapis.com/auth/chat.memberships https://www.googleapis.com/auth/chat.memberships.readonly https://www.googleapis.com/auth/chat.messages https://www.googleapis.com/auth/chat.messages.reactions https://www.googleapis.com/auth/chat.messages.reactions.readonly https://www.googleapis.com/auth/chat.messages.readonly https://www.googleapis.com/auth/chat.spaces https://www.googleapis.com/auth/chat.spaces.readonly https://www.googleapis.com/auth/chat.users.availability https://www.googleapis.com/auth/chat.users.availability.readonly https://www.googleapis.com/auth/chat.users.readstate https://www.googleapis.com/auth/chat.users.readstate.readonly https://www.googleapis.com/auth/drive https://www.googleapis.com/auth/drive.file https://www.googleapis.com/auth/drive.metadata https://www.googleapis.com/auth/drive.metadata.readonly https://www.googleapis.com/auth/drive.readonly https://www.googleapis.com/auth/meetings.space.created https://www.googleapis.com/auth/meetings.space.readonly,https://www.googleapis.com/auth/chat.memberships.readonly https://www.googleapis.com/auth/chat.messages.reactions.readonly https://www.googleapis.com/auth/chat.messages.readonly https://www.googleapis.com/auth/chat.spaces.readonly https://www.googleapis.com/auth/chat.users.availability.readonly https://www.googleapis.com/auth/chat.users.readstate.readonly https://www.googleapis.com/auth/drive.metadata.readonly https://www.googleapis.com/auth/drive.readonly https://www.googleapis.com/auth/meetings.space.readonly,"Lists Google Workspace subscriptions. To learn how to use this method, see [List Google Workspace subscriptions](https://developers.google.com/workspace/events/guides/list-subscriptions)."
workspaceevents,v1,workspaceevents.subscriptions.patch,subscriptions,PATCH,v1/{+name},MUTATING,https://www.googleapis.com/auth/chat.app.all.memberships.readonly https://www.googleapis.com/auth/chat.app.all.messages.readonly https://www.googleapis.com/auth/chat.app.all.spaces.readonly https://www.googleapis.com/auth/chat.app.all.users.readstate.readonly https://www.googleapis.com/auth/chat.app.memberships https://www.googleapis.com/auth/chat.app.memberships.readonly https://www.googleapis.com/auth/chat.app.messages.readonly https://www.googleapis.com/auth/chat.app.spaces https://www.googleapis.com/auth/chat.app.spaces.readonly https://www.googleapis.com/auth/chat.memberships https://www.googleapis.com/auth/chat.memberships.readonly https://www.googleapis.com/auth/chat.messages https://www.googleapis.com/auth/chat.messages.reactions https://www.googleapis.com/auth/chat.messages.reactions.readonly https://www.googleapis.com/auth/chat.messages.readonly https://www.googleapis.com/auth/chat.spaces https://www.googleapis.com/auth/chat.spaces.readonly https://www.googleapis.com/auth/chat.users.availability https://www.googleapis.com/auth/chat.users.availability.readonly https://www.googleapis.com/auth/chat.users.readstate https://www.googleapis.com/auth/chat.users.readstate.readonly https://www.googleapis.com/auth/drive https://www.googleapis.com/auth/drive.file https://www.googleapis.com/auth/drive.metadata https://www.googleapis.com/auth/drive.metadata.readonly https://www.googleapis.com/auth/drive.readonly https://www.googleapis.com/auth/meetings.space.created https://www.googleapis.com/auth/meetings.space.readonly,https://www.googleapis.com/auth/chat.app.all.memberships.readonly https://www.googleapis.com/auth/chat.app.all.messages.readonly https://www.googleapis.com/auth/chat.app.all.spaces.readonly https://www.googleapis.com/auth/chat.app.all.users.readstate.readonly https://www.googleapis.com/auth/chat.app.memberships.readonly https://www.googleapis.com/auth/chat.app.messages.readonly https://www.googleapis.com/auth/chat.app.spaces.readonly https://www.googleapis.com/auth/chat.memberships.readonly https://www.googleapis.com/auth/chat.messages.reactions.readonly https://www.googleapis.com/auth/chat.messages.readonly https://www.googleapis.com/auth/chat.spaces.readonly https://www.googleapis.com/auth/chat.users.availability.readonly https://www.googleapis.com/auth/chat.users.readstate.readonly https://www.googleapis.com/auth/drive.metadata.readonly https://www.googleapis.com/auth/drive.readonly https://www.googleapis.com/auth/meetings.space.readonly,"Updates or renews a Google Workspace subscription. To learn how to use this method, see [Update or renew a Google Workspace subscription](https://developers.google.com/workspace/events/guides/update-subscription). For a subscription on a [Chat target resource](https://developers.google.com/workspace"
workspaceevents,v1,workspaceevents.subscriptions.reactivate,subscriptions,POST,v1/{+name}:reactivate,MUTATING,https://www.googleapis.com/auth/chat.app.all.memberships.readonly https://www.googleapis.com/auth/chat.app.all.messages.readonly https://www.googleapis.com/auth/chat.app.all.spaces.readonly https://www.googleapis.com/auth/chat.app.all.users.readstate.readonly https://www.googleapis.com/auth/chat.app.memberships https://www.googleapis.com/auth/chat.app.memberships.readonly https://www.googleapis.com/auth/chat.app.messages.readonly https://www.googleapis.com/auth/chat.app.spaces https://www.googleapis.com/auth/chat.app.spaces.readonly https://www.googleapis.com/auth/chat.memberships https://www.googleapis.com/auth/chat.memberships.readonly https://www.googleapis.com/auth/chat.messages https://www.googleapis.com/auth/chat.messages.reactions https://www.googleapis.com/auth/chat.messages.reactions.readonly https://www.googleapis.com/auth/chat.messages.readonly https://www.googleapis.com/auth/chat.spaces https://www.googleapis.com/auth/chat.spaces.readonly https://www.googleapis.com/auth/chat.users.availability https://www.googleapis.com/auth/chat.users.availability.readonly https://www.googleapis.com/auth/chat.users.readstate https://www.googleapis.com/auth/chat.users.readstate.readonly https://www.googleapis.com/auth/drive https://www.googleapis.com/auth/drive.file https://www.googleapis.com/auth/drive.metadata https://www.googleapis.com/auth/drive.metadata.readonly https://www.googleapis.com/auth/drive.readonly https://www.googleapis.com/auth/meetings.space.created https://www.googleapis.com/auth/meetings.space.readonly,https://www.googleapis.com/auth/chat.app.all.memberships.readonly https://www.googleapis.com/auth/chat.app.all.messages.readonly https://www.googleapis.com/auth/chat.app.all.spaces.readonly https://www.googleapis.com/auth/chat.app.all.users.readstate.readonly https://www.googleapis.com/auth/chat.app.memberships.readonly https://www.googleapis.com/auth/chat.app.messages.readonly https://www.googleapis.com/auth/chat.app.spaces.readonly https://www.googleapis.com/auth/chat.memberships.readonly https://www.googleapis.com/auth/chat.messages.reactions.readonly https://www.googleapis.com/auth/chat.messages.readonly https://www.googleapis.com/auth/chat.spaces.readonly https://www.googleapis.com/auth/chat.users.availability.readonly https://www.googleapis.com/auth/chat.users.readstate.readonly https://www.googleapis.com/auth/drive.metadata.readonly https://www.googleapis.com/auth/drive.readonly https://www.googleapis.com/auth/meetings.space.readonly,"Reactivates a suspended Google Workspace subscription. This method resets your subscription's `State` field to `ACTIVE`. Before you use this method, you must fix the error that suspended the subscription. This method will ignore or reject any subscription that isn't currently in a suspended state. T"
workspaceevents,v1,workspaceevents.tasks.cancel,tasks,POST,v1/{+name}:cancel,MUTATING,,,Cancel a task from the agent. If supported one should expect no more task updates for the task.
workspaceevents,v1,workspaceevents.tasks.get,tasks,GET,v1/{+name},READ_NO_SCOPE,,,Get the current state of a task from the agent.
workspaceevents,v1,workspaceevents.tasks.pushNotificationConfigs.create,tasks.pushNotificationConfigs,POST,v1/{+parent},MUTATING,,,Set a push notification config for a task.
workspaceevents,v1,workspaceevents.tasks.pushNotificationConfigs.delete,tasks.pushNotificationConfigs,DELETE,v1/{+name},MUTATING,,,Delete a push notification config for a task.
workspaceevents,v1,workspaceevents.tasks.pushNotificationConfigs.get,tasks.pushNotificationConfigs,GET,v1/{+name},READ_NO_SCOPE,,,Get a push notification config for a task.
workspaceevents,v1,workspaceevents.tasks.pushNotificationConfigs.list,tasks.pushNotificationConfigs,GET,v1/{+parent}/pushNotificationConfigs,READ_NO_SCOPE,,,Get a list of push notifications configured for a task.
workspaceevents,v1,workspaceevents.tasks.subscribe,tasks,GET,v1/{+name}:subscribe,READ_NO_SCOPE,,,TaskSubscription is a streaming call that will return a stream of task update events. This attaches the stream to an existing in process task. If the task is complete the stream will return the completed task (like GetTask) and close the stream.
